corte,expressao,posicao_mm,valor
x,Mag_H,0.0,35.37565546203357
x,Mag_H,0.004,35.57204014830323
x,Mag_H,0.008,35.76501304368745
x,Mag_H,0.012,35.954563454042
x,Mag_H,0.016,36.140680909865196
x,Mag_H,0.02,36.32335516629821
x,Mag_H,0.024,36.5025762031248
x,Mag_H,0.028,36.67833422477121
x,Mag_H,0.032,36.850619660306755
x,Mag_H,0.036,37.01942316344296
x,Mag_H,0.04,37.184735612534396
x,Mag_H,0.044,37.34654811057804
x,Mag_H,0.048,37.50485198521384
x,Mag_H,0.052000000000000005,37.65963878872396
x,Mag_H,0.056,37.810900298033694
x,Mag_H,0.05999999999999999,37.958628514710874
x,Mag_H,0.064,38.10281566496572
x,Mag_H,0.068,38.24345419965147
x,Mag_H,0.072,38.38053679426388
x,Mag_H,0.076,38.514056348941374
x,Mag_H,0.08,38.644005988465224
x,Mag_H,0.084,38.770379062258996
x,Mag_H,0.088,38.89316914438923
x,Mag_H,0.092,39.012370033565226
x,Mag_H,0.096,39.12797575313858
x,Mag_H,0.1,39.23998055110375
x,Mag_H,0.10400000000000001,39.348378900097956
x,Mag_H,0.108,39.45316549740112
x,Mag_H,0.112,39.554335264935524
x,Mag_H,0.11599999999999999,39.65188334926636
x,Mag_H,0.11999999999999998,39.74580512160155
x,Mag_H,0.124,39.83609617779154
x,Mag_H,0.128,39.92275233832939
x,Mag_H,0.132,40.005769648351055
x,Mag_H,0.136,40.08514437763501
x,Mag_H,0.14,40.160873020602295
x,Mag_H,0.144,40.23295229631696
x,Mag_H,0.148,40.30137914848536
x,Mag_H,0.152,40.3661507454568
x,Mag_H,0.156,40.42726448022294
x,Mag_H,0.16,40.48471797041849
x,Mag_H,0.164,40.538509058320564
x,Mag_H,0.168,40.58863581084897
x,Mag_H,0.17200000000000001,40.63509651956628
x,Mag_H,0.176,40.677889700677845
x,Mag_H,0.18,40.717014095031224
x,Mag_H,0.184,40.75246866811721
x,Mag_H,0.18799999999999997,40.78425261006884
x,Mag_H,0.192,40.81236533566215
x,Mag_H,0.196,40.83680648431559
x,Mag_H,0.2,40.857575920090376
x,Mag_H,0.20400000000000001,40.87467373169047
x,Mag_H,0.20800000000000002,40.88810023246237
x,Mag_H,0.212,40.89785596039533
x,Mag_H,0.216,40.903941678121214
x,Mag_H,0.22,40.906358372914625
x,Mag_H,0.224,40.905107256692766
x,Mag_H,0.228,40.900189766015615
x,Mag_H,0.23199999999999998,40.89160756208562
x,Mag_H,0.23600000000000002,40.879362530748196
x,Mag_H,0.23999999999999996,40.86345678249114
x,Mag_H,0.244,40.8438926524451
x,Mag_H,0.248,40.82067270038327
x,Mag_H,0.252,40.793799710721665
x,Mag_H,0.256,40.76327669251886
x,Mag_H,0.26,40.729106879476085
x,Mag_H,0.264,40.69129372993724
x,Mag_H,0.268,40.64984092688903
x,Mag_H,0.272,40.604752377960686
x,Mag_H,0.276,40.556032215424196
x,Mag_H,0.28,40.50368479619402
x,Mag_H,0.28400000000000003,40.44771470182771
x,Mag_H,0.288,40.38812673852497
x,Mag_H,0.292,40.32492593712861
x,Mag_H,0.296,40.25811755312383
x,Mag_H,0.3,40.1877070666386
x,Mag_H,0.304,40.11370018244361
x,Mag_H,0.308,40.036102829952156
x,Mag_H,0.312,39.95492116322015
x,Mag_H,0.316,39.870161560946286
x,Mag_H,0.32,39.78183062647191
x,Mag_H,0.324,39.689935187780954
x,Mag_H,0.328,39.59448229750011
x,Mag_H,0.33199999999999996,39.49547923289865
x,Mag_H,0.336,39.39293349588867
x,Mag_H,0.34,39.286852813024794
x,Mag_H,0.34400000000000003,39.17724513550432
x,Mag_H,0.34800000000000003,39.06411863916725
x,Mag_H,0.352,38.94748172449633
x,Mag_H,0.356,38.82734301661686
x,Mag_H,0.36,38.70371136529691
x,Mag_H,0.364,38.57659584494703
x,Mag_H,0.368,38.446005754620735
x,Mag_H,0.372,38.311950618013945
x,Mag_H,0.37599999999999995,38.17444018346539
x,Mag_H,0.38,38.03348442395647
x,Mag_H,0.384,37.889093537111194
x,Mag_H,0.388,37.74127794519627
x,Mag_H,0.392,37.590048295121086
x,Mag_H,0.396,37.43541545843758
x,Mag_H,0.4,37.27739053134065
x,Mag_H,0.404,37.1159848346676
x,Mag_H,0.40800000000000003,36.95120991389841
x,Mag_H,0.41200000000000003,36.783077539155954
x,Mag_H,0.41600000000000004,36.61295989923309
x,Mag_H,0.41999999999999993,36.44989037762274
x,Mag_H,0.424,36.284055841105214
x,Mag_H,0.428,36.11546938965443
x,Mag_H,0.432,35.944144385422604
x,Mag_H,0.43599999999999994,35.77009445274038
x,Mag_H,0.44,35.593333478117195
x,Mag_H,0.444,35.41387561024079
x,Mag_H,0.448,35.23173525997746
x,Mag_H,0.452,35.046927100371846
x,Mag_H,0.456,34.85946606664762
x,Mag_H,0.46,34.7886247348952
x,Mag_H,0.46399999999999997,34.73632138924893
x,Mag_H,0.468,34.684019847602656
x,Mag_H,0.47200000000000003,34.63172525247914
x,Mag_H,0.47600000000000003,34.57944295798039
x,Mag_H,0.4799999999999999,34.527178529787676
x,Mag_H,0.484,34.47493774516131
x,Mag_H,0.488,34.422726592941025
x,Mag_H,0.49200000000000005,34.3705512735455
x,Mag_H,0.496,34.318418198972964
x,Mag_H,0.5,34.26633399280032
x,Mag_H,0.504,43.50277677608521
x,Mag_H,0.508,42.96190788904322
x,Mag_H,0.512,42.44839099392914
x,Mag_H,0.5159999999999999,41.96149687699351
x,Mag_H,0.52,41.50050515916311
x,Mag_H,0.524,41.06470429604133
x,Mag_H,0.528,40.653391577907925
x,Mag_H,0.532,40.265873129718884
x,Mag_H,0.536,39.9014639111069
x,Mag_H,0.54,39.55948771638088
x,Mag_H,0.544,39.23927717452616
x,Mag_H,0.548,38.94017374920452
x,Mag_H,0.552,38.66152773875425
x,Mag_H,0.556,38.4026982761898
x,Mag_H,0.56,38.28254235208362
x,Mag_H,0.5640000000000001,38.25348347813302
x,Mag_H,0.5680000000000001,38.22831949012249
x,Mag_H,0.5720000000000001,38.20694270099667
x,Mag_H,0.576,38.1892504158193
x,Mag_H,0.58,38.175144931773396
x,Mag_H,0.584,38.16453353816129
x,Mag_H,0.588,38.15732851640451
x,Mag_H,0.592,38.153447140043816
x,Mag_H,0.596,38.15281167473936
x,Mag_H,0.6,38.15534937827043
x,Mag_H,0.6039999999999999,38.16099250053561
x,Mag_H,0.608,38.16967828355276
x,Mag_H,0.612,38.18134896145899
x,Mag_H,0.616,38.19595176051066
x,Mag_H,0.62,38.21343889908338
x,Mag_H,0.624,38.23376758767211
x,Mag_H,0.628,38.256900028890854
x,Mag_H,0.632,38.28280341747315
x,Mag_H,0.636,38.311449940271565
x,Mag_H,0.64,38.342816776258054
x,Mag_H,0.644,38.37688609652377
x,Mag_H,0.648,38.41364506427921
x,Mag_H,0.652,38.45308583485408
x,Mag_H,0.656,38.495205555697254
x,Mag_H,0.66,38.540006366377064
x,Mag_H,0.6639999999999999,38.58749539858089
x,Mag_H,0.668,38.6376847761155
x,Mag_H,0.672,38.690591614906886
x,Mag_H,0.676,38.74623802300034
x,Mag_H,0.68,38.80465110056032
x,Mag_H,0.684,38.86586293987064
x,Mag_H,0.6880000000000001,38.92991062533429
x,Mag_H,0.692,38.996836233473644
x,Mag_H,0.6960000000000001,39.066686832930195
x,Mag_H,0.7000000000000001,39.13951448446473
x,Mag_H,0.704,39.215376240957404
x,Mag_H,0.708,39.294334147407476
x,Mag_H,0.712,39.376455240933545
x,Mag_H,0.716,39.46181155077342
x,Mag_H,0.72,39.550480098284304
x,Mag_H,0.7239999999999999,39.642542896942466
x,Mag_H,0.728,39.738086952343636
x,Mag_H,0.732,39.83720426220261
x,Mag_H,0.736,39.939991816353604
x,Mag_H,0.74,40.046551596749914
x,Mag_H,0.744,40.156990577464384
x,Mag_H,0.748,40.27142072468873
x,Mag_H,0.7519999999999999,40.38995899673429
x,Mag_H,0.756,40.51272734403141
x,Mag_H,0.76,40.639852709129826
x,Mag_H,0.764,40.77146702669855
x,Mag_H,0.768,40.90770722352571
x,Mag_H,0.772,41.04871521851882
x,Mag_H,0.776,41.19463792270462
x,Mag_H,0.7799999999999999,41.345627239229124
x,Mag_H,0.784,41.50184006335754
x,Mag_H,0.788,41.663438282474495
x,Mag_H,0.792,41.83058877608363
x,Mag_H,0.796,42.00346341580806
x,Mag_H,0.8,42.182239065389986
x,Mag_H,0.804,42.36709758069114
x,Mag_H,0.808,42.558225809692125
x,Mag_H,0.8119999999999999,42.755815592493164
x,Mag_H,0.8160000000000001,42.96006376131352
x,Mag_H,0.8200000000000001,43.17117214049178
x,Mag_H,0.8240000000000001,43.389347546485844
x,Mag_H,0.8280000000000001,43.61480178787278
x,Mag_H,0.8320000000000001,43.847751665348945
x,Mag_H,0.836,44.08841897172999
x,Mag_H,0.8399999999999999,44.33703049195081
x,Mag_H,0.844,44.593818003065564
x,Mag_H,0.848,44.85901827424756
x,Mag_H,0.852,45.13287306678957
x,Mag_H,0.856,45.41562913410352
x,Mag_H,0.86,45.70753822172045
x,Mag_H,0.864,46.008857067291025
x,Mag_H,0.868,46.31984740058475
x,Mag_H,0.8719999999999999,46.640775943490745
x,Mag_H,0.876,46.97191441001706
x,Mag_H,0.88,47.31353950629131
x,Mag_H,0.884,47.66593293056019
x,Mag_H,0.888,48.02938137318974
x,Mag_H,0.892,48.40417651666509
x,Mag_H,0.896,48.790615035590875
x,Mag_H,0.8999999999999999,49.188998596690865
x,Mag_H,0.904,49.59963385880797
x,Mag_H,0.908,50.02283247290467
x,Mag_H,0.912,50.458911082062436
x,Mag_H,0.916,50.755668378584666
x,Mag_H,0.92,50.41868386851451
x,Mag_H,0.924,50.08354466301898
x,Mag_H,0.9279999999999999,49.75027918784548
x,Mag_H,0.932,49.41891621097064
x,Mag_H,0.936,49.08948484260013
x,Mag_H,0.9400000000000001,48.76201453516852
x,Mag_H,0.9440000000000001,48.436535083339606
x,Mag_H,0.9480000000000001,48.113076624006325
x,Mag_H,0.9520000000000001,47.791669636290564
x,Mag_H,0.956,47.47234494154325
x,Mag_H,0.9599999999999999,47.15513370334447
x,Mag_H,0.964,46.840067427503406
x,Mag_H,0.968,46.52717796205826
x,Mag_H,0.972,46.21649749727625
x,Mag_H,0.976,45.9080585656538
x,Mag_H,0.98,45.60189404191638
x,Mag_H,0.9840000000000001,45.29803714301834
x,Mag_H,0.9879999999999999,44.99652142814351
x,Mag_H,0.992,44.69738079870432
x,Mag_H,0.9959999999999999,44.400649498342666
x,Mag_H,1.0,44.10636211292924
x,Mag_H,1.0039999999999998,43.81455357056393
x,Mag_H,1.008,43.525259141575724
x,Mag_H,1.012,43.23851443852267
x,Mag_H,1.016,42.954355416191824
x,Mag_H,1.02,42.67281837159937
x,Mag_H,1.024,42.39393994399055
x,Mag_H,1.028,42.11775711483973
x,Mag_H,1.0319999999999998,41.844307207850214
x,Mag_H,1.036,41.57362788895456
x,Mag_H,1.04,41.305757166314315
x,Mag_H,1.044,41.04073339031994
x,Mag_H,1.048,40.77859525359135
x,Mag_H,1.052,40.519381790977235
x,Mag_H,1.056,40.26313237955528
x,Mag_H,1.0599999999999998,40.00988673863262
x,Mag_H,1.064,39.75968492974511
x,Mag_H,1.068,39.51256735665787
x,Mag_H,1.072,39.268574765364946
x,Mag_H,1.076,39.0277482440897
x,Mag_H,1.08,38.79012922328423
x,Mag_H,1.084,38.55575947563008
x,Mag_H,1.088,38.32468111603756
x,Mag_H,1.092,38.09693660164617
x,Mag_H,1.096,37.87256873182457
x,Mag_H,1.1,37.651620648170336
x,Mag_H,1.104,37.43413583451015
x,Mag_H,1.108,37.2201581169
x,Mag_H,1.112,37.00973166362455
x,Mag_H,1.116,36.80290098519792
x,Mag_H,1.12,36.59971093436301
x,Mag_H,1.124,36.49669912928223
x,Mag_H,1.1280000000000001,36.46966687263479
x,Mag_H,1.1320000000000001,36.446263775869774
x,Mag_H,1.1360000000000001,36.426406732478995
x,Mag_H,1.1400000000000001,36.410013399413174
x,Mag_H,1.1440000000000001,36.39700219708222
x,Mag_H,1.1480000000000001,36.38729230935513
x,Mag_H,1.152,36.38080368356
x,Mag_H,1.156,36.37745703048391
x,Mag_H,1.16,36.37717382437316
x,Mag_H,1.164,36.379876302933205
x,Mag_H,1.168,36.385487467328424
x,Mag_H,1.172,36.3939310821824
x,Mag_H,1.176,36.40513167557776
x,Mag_H,1.1799999999999997,36.419014539056306
x,Mag_H,1.184,36.43550572761879
x,Mag_H,1.188,36.45453205972527
x,Mag_H,1.192,36.47602111729479
x,Mag_H,1.196,36.49990124570536
x,Mag_H,1.2,36.52610155379436
x,Mag_H,1.204,36.554551913858006
x,Mag_H,1.2079999999999997,36.58518296165184
x,Mag_H,1.212,36.61792609639023
x,Mag_H,1.216,36.65271348074697
x,Mag_H,1.22,36.689478040854624
x,Mag_H,1.224,36.72815346630515
x,Mag_H,1.228,36.768674210149356
x,Mag_H,1.232,36.81097548889729
x,Mag_H,1.236,36.85499328251804
x,Mag_H,1.24,36.900664334439796
x,Mag_H,1.244,36.947926151549886
x,Mag_H,1.248,36.99671700419466
x,Mag_H,1.252,37.046975926179655
x,Mag_H,1.256,37.09864271476948
x,Mag_H,1.26,37.1516579306877
x,Mag_H,1.264,37.20596289811722
x,Mag_H,1.268,37.26149970469985
x,Mag_H,1.272,37.31821120153654
x,Mag_H,1.276,37.3760410031875
x,Mag_H,1.28,37.43493348767172
x,Mag_H,1.284,37.49483379646755
x,Mag_H,1.288,37.55568783451231
x,Mag_H,1.292,37.61744227020252
x,Mag_H,1.296,37.680044535393634
x,Mag_H,1.2999999999999998,37.74344282540042
x,Mag_H,1.304,37.80758609899651
x,Mag_H,1.308,37.872424078414866
x,Mag_H,1.312,37.9379072493473
x,Mag_H,1.316,38.00398686094492
x,Mag_H,1.32,38.07061492581783
x,Mag_H,1.324,38.13774422003528
x,Mag_H,1.3279999999999998,38.20532828312559
x,Mag_H,1.332,38.27332141807613
x,Mag_H,1.336,38.34167869133351
x,Mag_H,1.34,38.41035593280325
x,Mag_H,1.344,38.479309735850144
x,Mag_H,1.348,38.54849745729792
x,Mag_H,1.352,38.617877217429566
x,Mag_H,1.3559999999999999,38.68740789998697
x,Mag_H,1.36,38.75704915217135
x,Mag_H,1.364,38.8267613846429
x,Mag_H,1.368,38.896505771520765
x,Mag_H,1.372,38.966244250383426
x,Mag_H,1.3760000000000001,39.04719793573494
x,Mag_H,1.3800000000000001,39.157466923324016
x,Mag_H,1.384,39.27090513399483
x,Mag_H,1.3880000000000001,39.38742658146647
x,Mag_H,1.3920000000000001,39.506946524442476
x,Mag_H,1.3960000000000001,39.6293814666111
x,Mag_H,1.4000000000000001,39.754649156645144
x,Mag_H,1.4040000000000001,39.88266858820197
x,Mag_H,1.408,40.013359999923615
x,Mag_H,1.412,40.146644875436536
x,Mag_H,1.416,40.282445943352
x,Mag_H,1.4199999999999997,40.42068717726562
x,Mag_H,1.424,40.56129379575775
x,Mag_H,1.428,40.70419226239336
x,Mag_H,1.432,40.849310285721856
x,Mag_H,1.436,40.996576819277315
x,Mag_H,1.44,41.14592206157848
x,Mag_H,1.444,41.29727745612848
x,Mag_H,1.4479999999999997,41.45057569141518
x,Mag_H,1.452,41.60575070091109
x,Mag_H,1.456,41.76273766307311
x,Mag_H,1.46,41.921473001342875
x,Mag_H,1.464,42.0818943841466
x,Mag_H,1.468,42.243940724894955
x,Mag_H,1.472,42.40755218198342
x,Mag_H,1.4759999999999998,42.5726701587918
x,Mag_H,1.48,42.73923730368462
x,Mag_H,1.484,42.90719751001105
x,Mag_H,1.488,43.07649591610483
x,Mag_H,1.492,43.24707890528411
x,Mag_H,1.496,43.418894105851805
x,Mag_H,1.5,43.591890391095404
x,Mag_H,1.5039999999999998,43.76601787928691
x,Mag_H,1.508,43.941227933683045
x,Mag_H,1.512,44.1174731625248
x,Mag_H,1.516,44.29470741903822
x,Mag_H,1.52,44.4728858014335
x,Mag_H,1.524,44.65196465290571
x,Mag_H,1.528,44.8319015616343
x,Mag_H,1.5319999999999998,45.01265536078355
x,Mag_H,1.536,45.19418612850218
x,Mag_H,1.54,45.37645518792331
x,Mag_H,1.544,45.55942510716503
x,Mag_H,1.548,45.74305969932974
x,Mag_H,1.552,45.92732402250461
x,Mag_H,1.556,46.112184379761125
x,Mag_H,1.5599999999999998,46.2976083191556
x,Mag_H,1.564,46.483564633729
x,Mag_H,1.568,46.670023361506544
x,Mag_H,1.572,46.85695578549828
x,Mag_H,1.576,47.04433443369888
x,Mag_H,1.58,47.23213307908745
x,Mag_H,1.584,47.42032673962781
x,Mag_H,1.588,47.608891678268165
x,Mag_H,1.592,47.79780540294164
x,Mag_H,1.5959999999999999,47.987046666565575
x,Mag_H,1.6,48.176595467042276
x,Mag_H,1.604,48.36643304725812
x,Mag_H,1.608,48.544123272866614
x,Mag_H,1.612,48.69784217597357
x,Mag_H,1.616,48.85429172276996
x,Mag_H,1.62,49.01338629531178
x,Mag_H,1.6239999999999999,49.17504181199205
x,Mag_H,1.6280000000000001,49.339175727541125
x,Mag_H,1.6320000000000001,49.50570703302649
x,Mag_H,1.6360000000000001,49.67455625585301
x,Mag_H,1.6400000000000001,49.84564545976248
x,Mag_H,1.6440000000000001,50.01889824483423
x,Mag_H,1.6480000000000001,50.19423974748459
x,Mag_H,1.652,50.3715966404672
x,Mag_H,1.6560000000000001,50.55089713287278
x,Mag_H,1.6600000000000001,50.73207097012936
x,Mag_H,1.6640000000000001,50.91504943400233
x,Mag_H,1.668,51.09976534259404
x,Mag_H,1.672,51.28615305034422
x,Mag_H,1.676,51.47414844802973
x,Mag_H,1.6799999999999997,51.66368896276463
x,Mag_H,1.684,51.854713558000284
x,Mag_H,1.688,52.047162733525205
x,Mag_H,1.692,52.24097852546509
x,Mag_H,1.696,52.43610450628292
x,Mag_H,1.7,52.632485784778815
x,Mag_H,1.704,52.830069006090234
x,Mag_H,1.7079999999999997,53.028802351691674
x,Mag_H,1.712,53.228635539395086
x,Mag_H,1.716,53.429519823349324
x,Mag_H,1.72,53.63140799404071
x,Mag_H,1.724,53.83425437829272
x,Mag_H,1.728,54.03801483926591
x,Mag_H,1.732,54.24264677645822
x,Mag_H,1.736,54.44810912570472
x,Mag_H,1.74,54.65436235917759
x,Mag_H,1.7439999999999998,54.86136848538665
x,Mag_H,1.748,55.06909104917834
x,Mag_H,1.752,55.27749513173667
x,Mag_H,1.756,55.48654735058283
x,Mag_H,1.76,55.69621585957519
x,Mag_H,1.764,55.90647034890929
x,Mag_H,1.768,56.117282045117996
x,Mag_H,1.7719999999999998,56.32862371107123
x,Mag_H,1.776,56.54046964597629
x,Mag_H,1.78,56.752795685377336
x,Mag_H,1.784,56.96557920115645
x,Mag_H,1.788,57.178799101532235
x,Mag_H,1.792,57.392435831060695
x,Mag_H,1.796,57.60647137063527
x,Mag_H,1.7999999999999998,57.82088923748655
x,Mag_H,1.804,58.03567448518195
x,Mag_H,1.808,58.25081370362658
x,Mag_H,1.812,58.46629501906255
x,Mag_H,1.816,58.655336578292236
x,Mag_H,1.82,58.7698022872611
x,Mag_H,1.824,58.88344007389496
x,Mag_H,1.8279999999999998,58.99617862173739
x,Mag_H,1.832,59.10794776401712
x,Mag_H,1.836,59.21867848364842
x,Mag_H,1.84,59.328302913230814
x,Mag_H,1.844,59.43675433504893
x,Mag_H,1.848,59.543967181072766
x,Mag_H,1.852,59.64987703295773
x,Mag_H,1.8559999999999999,59.75442062204455
x,Mag_H,1.86,59.85753582935898
x,Mag_H,1.864,59.959161685612486
x,Mag_H,1.868,60.05923837120138
x,Mag_H,1.872,60.157707216207726
x,Mag_H,1.8760000000000001,60.25451070039847
x,Mag_H,1.8800000000000001,60.34959245322604
x,Mag_H,1.884,60.44289725382832
x,Mag_H,1.8880000000000001,60.53437103102821
x,Mag_H,1.892,60.623960863334105
x,Mag_H,1.8960000000000001,60.71161497893954
x,Mag_H,1.9000000000000001,60.79728275572352
x,Mag_H,1.9040000000000001,60.88091472125021
x,Mag_H,1.9080000000000001,60.96246255276918
x,Mag_H,1.912,61.04187907721518
x,Mag_H,1.9160000000000001,61.11911827120843
x,Mag_H,1.9199999999999997,61.19413526105417
x,Mag_H,1.924,61.2668863227433
x,Mag_H,1.928,61.33732888195171
x,Mag_H,1.932,61.405421514040704
x,Mag_H,1.936,61.47112394405698
x,Mag_H,1.94,61.53439704673223
x,Mag_H,1.944,61.59520284648388
x,Mag_H,1.9479999999999997,61.653504517414234
x,Mag_H,1.952,61.70926638331127
x,Mag_H,1.9559999999999997,61.76245391764802
x,Mag_H,1.96,61.81303374358286
x,Mag_H,1.964,61.86097363395946
x,Mag_H,1.9680000000000002,61.90624251130675
x,Mag_H,1.9719999999999998,61.94881044783914
x,Mag_H,1.9759999999999998,61.98864866545619
x,Mag_H,1.98,62.02572953574279
x,Mag_H,1.984,62.06002657996901
x,Mag_H,1.9880000000000002,62.091514469090406
x,Mag_H,1.9919999999999998,62.120169023747756
x,Mag_H,1.996,62.14596721426715
x,Mag_H,2.0,62.16888716065979
x,Mag_H,2.004,62.188908132622586
x,Mag_H,2.0079999999999996,62.20601054953745
x,Mag_H,2.012,62.2201759804716
x,Mag_H,2.016,62.23138714417757
x,Mag_H,2.02,62.23962790909318
x,Mag_H,2.024,62.24488329334177
x,Mag_H,2.028,62.247139464731674
x,Mag_H,2.032,62.24638374075661
x,Mag_H,2.036,62.24260458859579
x,Mag_H,2.04,62.23579162511329
x,Mag_H,2.044,62.22593561685892
x,Mag_H,2.048,62.21302848006782
x,Mag_H,2.052,62.19706328065995
x,Mag_H,2.056,62.178034234241025
x,Mag_H,2.06,62.15593670610172
x,Mag_H,2.0639999999999996,62.13076721121834
x,Mag_H,2.068,62.10252341425213
x,Mag_H,2.072,62.0712041295501
x,Mag_H,2.076,62.036809321144105
x,Mag_H,2.08,61.99934010275145
x,Mag_H,2.084,61.95879873777473
x,Mag_H,2.088,61.91518863930223
x,Mag_H,2.092,61.86851437010673
x,Mag_H,2.096,61.81878164264693
x,Mag_H,2.1,61.765997319066614
x,Mag_H,2.104,61.710169411195075
x,Mag_H,2.108,61.65130708054644
x,Mag_H,2.112,61.58942063832072
x,Mag_H,2.116,61.524521545402806
x,Mag_H,2.1199999999999997,61.45662241236294
x,Mag_H,2.124,61.38573699945672
x,Mag_H,2.128,61.31188021662517
x,Mag_H,2.132,61.235068123494486
x,Mag_H,2.136,61.15531792937609
x,Mag_H,2.14,61.07264799326673
x,Mag_H,2.144,60.9870778238488
x,Mag_H,2.148,60.89862807948939
x,Mag_H,2.152,60.807320568241245
x,Mag_H,2.1559999999999997,60.71317824784254
x,Mag_H,2.16,60.53547595118067
x,Mag_H,2.164,60.170085302758494
x,Mag_H,2.168,59.80271549007405
x,Mag_H,2.172,59.43334399162518
x,Mag_H,2.176,59.061949369439986
x,Mag_H,2.18,58.688511269075974
x,Mag_H,2.184,58.313010419621655
x,Mag_H,2.188,57.93542863369482
x,Mag_H,2.192,57.55574880744387
x,Mag_H,2.196,57.1739549205469
x,Mag_H,2.2,56.790032036212416
x,Mag_H,2.204,56.403966301178635
x,Mag_H,2.208,56.01574494571411
x,Mag_H,2.2119999999999997,55.62535628361733
x,Mag_H,2.216,55.23278971221701
x,Mag_H,2.22,54.838035712371855
x,Mag_H,2.224,54.441085848470394
x,Mag_H,2.228,54.04193276843159
x,Mag_H,2.232,53.64057020370437
x,Mag_H,2.236,53.236992969267696
x,Mag_H,2.24,52.83119696363058
x,Mag_H,2.244,52.42317916883225
x,Mag_H,2.248,52.01293765044167
x,Mag_H,2.2520000000000002,51.60047155755829
x,Mag_H,2.2560000000000002,51.185781122811335
x,Mag_H,2.2600000000000002,50.76886766236021
x,Mag_H,2.2640000000000002,50.349733575894405
x,Mag_H,2.268,49.928382346633434
x,Mag_H,2.2720000000000002,49.504818541326955
x,Mag_H,2.2760000000000002,49.079047810254664
x,Mag_H,2.2800000000000002,48.651076887226324
x,Mag_H,2.2840000000000003,48.220913589581635
x,Mag_H,2.2880000000000003,47.78856681819059
x,Mag_H,2.2920000000000003,47.35404655745317
x,Mag_H,2.2960000000000003,46.917363875299415
x,Mag_H,2.3000000000000003,46.47853092318935
x,Mag_H,2.304,46.0375609361133
x,Mag_H,2.308,45.5944682325914
x,Mag_H,2.312,45.14926821467416
x,Mag_H,2.316,44.70197736794172
x,Mag_H,2.32,44.25261326150473
x,Mag_H,2.324,43.79582420723545
x,Mag_H,2.328,43.3409811221628
x,Mag_H,2.332,42.8902491342671
x,Mag_H,2.336,42.44360401079496
x,Mag_H,2.34,42.001022294538984
x,Mag_H,2.344,41.56248130383806
x,Mag_H,2.348,41.127959132577075
x,Mag_H,2.352,40.69743465018725
x,Mag_H,2.356,40.270887501645745
x,Mag_H,2.3599999999999994,39.848298107476204
x,Mag_H,2.364,39.42964766374831
x,Mag_H,2.368,39.01491814207766
x,Mag_H,2.372,38.60409228962639
x,Mag_H,2.376,38.19715362910244
x,Mag_H,2.38,37.79408645876017
x,Mag_H,2.384,37.39487585240008
x,Mag_H,2.388,36.99950765936875
x,Mag_H,2.392,36.607968504558855
x,Mag_H,2.3959999999999995,36.220245788409386
x,Mag_H,2.4,35.83632768690542
x,Mag_H,2.404,35.45620315157822
x,Mag_H,2.408,35.07986190950521
x,Mag_H,2.412,34.70729446330993
x,Mag_H,2.4159999999999995,34.33849209116206
x,Mag_H,2.42,33.97344684677767
x,Mag_H,2.424,33.61215155941865
x,Mag_H,2.428,33.254599833893366
x,Mag_H,2.432,32.90078605055599
x,Mag_H,2.436,32.55070536530734
x,Mag_H,2.44,32.20435370959387
x,Mag_H,2.444,31.861727790408544
x,Mag_H,2.448,31.522825090290425
x,Mag_H,2.4519999999999995,31.18764386732472
x,Mag_H,2.456,30.856183155142745
x,Mag_H,2.46,30.52844276292194
x,Mag_H,2.464,30.2044232753861
x,Mag_H,2.468,29.884126052804938
x,Mag_H,2.472,29.567553230994584
x,Mag_H,2.476,29.254707721317136
x,Mag_H,2.48,28.945593210680887
x,Mag_H,2.484,28.640214161540396
x,Mag_H,2.488,28.338575811896266
x,Mag_H,2.492,28.040684175295308
x,Mag_H,2.496,27.74654604083048
x,Mag_H,2.5,27.456168973140954
x,Mag_H,2.504,27.169561312411982
x,Mag_H,2.5079999999999996,26.88673217437501
x,Mag_H,2.512,26.607691450307666
x,Mag_H,2.516,26.332449807033754
x,Mag_H,2.52,26.06101868692323
x,Mag_H,2.524,25.79341030789213
x,Mag_H,2.528,25.52963766340284
x,Mag_H,2.532,25.269714522463595
x,Mag_H,2.536,25.013655429629164
x,Mag_H,2.54,24.761475705000183
x,Mag_H,2.544,24.513191444223608
x,Mag_H,2.548,24.268819518492503
x,Mag_H,2.552,24.02837757454608
x,Mag_H,2.556,23.791884034669817
x,Mag_H,2.56,23.55935809669518
x,Mag_H,2.5639999999999996,23.330819733999874
x,Mag_H,2.568,23.106289695507897
x,Mag_H,2.572,22.88578950568921
x,Mag_H,2.576,22.66934146456001
x,Mag_H,2.58,22.456968647682668
x,Mag_H,2.584,22.248694906165753
x,Mag_H,2.588,22.04454486666397
x,Mag_H,2.592,21.844543931378116
x,Mag_H,2.596,21.64871827805516
x,Mag_H,2.5999999999999996,21.457094859988395
x,Mag_H,2.604,21.26970140601713
x,Mag_H,2.608,21.08656642052676
x,Mag_H,2.612,20.907719183449064
x,Mag_H,2.616,20.733189750261815
x,Mag_H,2.6199999999999997,20.563008951988994
x,Mag_H,2.624,20.397208395200746
x,Mag_H,2.628,20.23582046201344
x,Mag_H,2.632,20.07887831008942
x,Mag_H,2.636,19.926415872637502
x,Mag_H,2.64,19.778467858412263
x,Mag_H,2.644,19.635069751714838
x,Mag_H,2.648,19.496257812392216
x,Mag_H,2.652,19.362069075837756
x,Mag_H,2.6559999999999997,19.23254135299088
x,Mag_H,2.66,19.107713230337126
x,Mag_H,2.664,18.987624069908364
x,Mag_H,2.668,18.872314009282444
x,Mag_H,2.672,18.761823961583488
x,Mag_H,2.676,18.656195615481728
x,Mag_H,2.68,18.555471435193606
x,Mag_H,2.684,18.45969466048161
x,Mag_H,2.688,18.368909306654597
x,Mag_H,2.692,18.283160164567327
x,Mag_H,2.696,18.202492800620973
x,Mag_H,2.7,18.126953556762672
x,Mag_H,2.704,18.056589550485892
x,Mag_H,2.708,17.9914486748301
x,Mag_H,2.7119999999999997,17.93157959838104
x,Mag_H,2.716,17.877031765270523
x,Mag_H,2.72,17.827855395176666
x,Mag_H,2.724,17.784101483323592
x,Mag_H,2.728,17.745821800481664
x,Mag_H,2.732,17.713068892967406
x,Mag_H,2.736,17.685896082643485
x,Mag_H,2.74,17.664357466918766
x,Mag_H,2.744,17.648507918748166
x,Mag_H,2.7479999999999998,17.638403086632962
x,Mag_H,2.7520000000000002,17.63409939462038
x,Mag_H,2.7560000000000002,17.635654042303972
x,Mag_H,2.7600000000000002,17.643125004823336
x,Mag_H,2.7640000000000002,17.656571032864296
x,Mag_H,2.768,17.676051652658842
x,Mag_H,2.7720000000000002,17.70162716598505
x,Mag_H,2.7760000000000002,17.73335865016726
x,Mag_H,2.7800000000000002,17.69358832415334
x,Mag_H,2.7840000000000003,17.56125561977548
x,Mag_H,2.7880000000000003,17.43581608991725
x,Mag_H,2.7920000000000003,17.317326750962476
x,Mag_H,2.7960000000000003,17.20584909671323
x,Mag_H,2.8000000000000003,17.10144909838961
x,Mag_H,2.804,17.004197204630092
x,Mag_H,2.8080000000000003,16.914168341491077
x,Mag_H,2.8120000000000003,16.831441912447296
x,Mag_H,2.816,16.756101798391597
x,Mag_H,2.82,16.688236357634917
x,Mag_H,2.824,16.627938425906425
x,Mag_H,2.828,16.57530531635343
x,Mag_H,2.832,16.530438819541335
x,Mag_H,2.836,16.493445203453852
x,Mag_H,2.8399999999999994,16.464435213492692
x,Mag_H,2.844,16.443524072477807
x,Mag_H,2.848,16.400549318744577
x,Mag_H,2.852,16.309246921968196
x,Mag_H,2.856,16.218455306377965
x,Mag_H,2.8599999999999994,16.128178492034863
x,Mag_H,2.864,16.038420418944508
x,Mag_H,2.868,15.949184947056683
x,Mag_H,2.872,15.860475856265897
x,Mag_H,2.876,15.772296846411004
x,Mag_H,2.88,15.684651537275295
x,Mag_H,2.884,15.597543468586466
x,Mag_H,2.888,15.510976100016766
x,Mag_H,2.892,15.424952811182857
x,Mag_H,2.8959999999999995,15.339476901645815
x,Mag_H,2.9,15.254551590911213
x,Mag_H,2.904,15.170180018429019
x,Mag_H,2.908,15.086365243593697
x,Mag_H,2.912,15.004072081593156
x,Mag_H,2.9159999999999995,14.99958841333774
x,Mag_H,2.92,14.994694183704748
x,Mag_H,2.924,14.989372325011947
x,Mag_H,2.928,14.983606062347384
x,Mag_H,2.932,14.977378913569757
x,Mag_H,2.936,14.970674689308016
x,Mag_H,2.94,14.963477492961694
x,Mag_H,2.944,14.955771720700765
x,Mag_H,2.948,14.947542061465537
x,Mag_H,2.9519999999999995,14.938773496966919
x,Mag_H,2.956,14.929451301686226
x,Mag_H,2.96,14.91956104287521
x,Mag_H,2.964,14.909088580556093
x,Mag_H,2.968,14.898020067521475
x,Mag_H,2.972,14.886341949334517
x,Mag_H,2.976,14.874040964328822
x,Mag_H,2.98,14.861104143608376
x,Mag_H,2.984,14.847518811047616
x,Mag_H,2.988,14.833272583291498
x,Mag_H,2.992,14.818353369755409
x,Mag_H,2.996,14.802749372625156
x,Mag_H,3.0,14.786449086857056
x,Mag_H,3.004,14.76944130017782
x,Mag_H,3.0079999999999996,14.751715093084677
x,Mag_H,3.012,14.733259838845221
x,Mag_H,3.016,14.71406520349754
x,Mag_H,3.02,14.69412114585019
x,Mag_H,3.024,14.673417917482269
x,Mag_H,3.028,14.651946062743086
x,Mag_H,3.032,14.629696418752602
x,Mag_H,3.036,14.606660115401155
x,Mag_H,3.04,14.582828575349625
x,Mag_H,3.0439999999999996,14.558193514029204
x,Mag_H,3.048,14.532746939641628
x,Mag_H,3.052,14.506481153159099
x,Mag_H,3.056,14.479388748324174
x,Mag_H,3.06,14.451462611649978
x,Mag_H,3.0639999999999996,14.42269592242004
x,Mag_H,3.068,14.39308215268827
x,Mag_H,3.072,14.362615067279185
x,Mag_H,3.076,14.331288723787626
x,Mag_H,3.08,14.299097472578937
x,Mag_H,3.084,14.266035956788905
x,Mag_H,3.088,14.232099112323764
x,Mag_H,3.092,14.19728216786023
x,Mag_H,3.096,14.161580644845447
x,Mag_H,3.0999999999999996,14.124990357496994
x,Mag_H,3.104,14.087507412802962
x,Mag_H,3.108,14.049128210521824
x,Mag_H,3.112,14.009849443182558
x,Mag_H,3.116,13.969668096084563
x,Mag_H,3.1199999999999997,13.92858144729769
x,Mag_H,3.124,13.886587067662282
x,Mag_H,3.128,13.843682820789093
x,Mag_H,3.132,13.79986686305935
x,Mag_H,3.136,13.755137643624716
x,Mag_H,3.14,13.709493904407333
x,Mag_H,3.144,13.662934680099783
x,Mag_H,3.148,13.615459298165089
x,Mag_H,3.152,13.567067378836725
x,Mag_H,3.1559999999999997,13.517758835118675
x,Mag_H,3.16,13.467533872785275
x,Mag_H,3.164,13.4163929903814
x,Mag_H,3.168,13.364336979222335
x,Mag_H,3.172,13.31136692339381
x,Mag_H,3.176,13.257484199752051
x,Mag_H,3.18,13.20269047792372
x,Mag_H,3.184,13.146987720305892
x,Mag_H,3.188,13.090378182066148
x,Mag_H,3.1919999999999997,13.032864411142484
x,Mag_H,3.196,12.974449248243412
x,Mag_H,3.2,12.915135826847786
x,Mag_H,3.204,12.85492757320501
x,Mag_H,3.208,12.793828206334878
x,Mag_H,3.2119999999999997,12.731841738027697
x,Mag_H,3.216,12.668972472844205
x,Mag_H,3.22,12.60522500811552
x,Mag_H,3.224,12.54060423394334
x,Mag_H,3.228,12.475115333199723
x,Mag_H,3.232,12.408763781527231
x,Mag_H,3.236,12.34155534733881
x,Mag_H,3.24,12.273496091817938
x,Mag_H,3.244,12.204592368918505
x,Mag_H,3.2479999999999998,12.134850825364845
x,Mag_H,3.2520000000000002,12.064278400651798
x,Mag_H,3.2560000000000002,11.992882327044565
x,Mag_H,3.2600000000000002,11.920670129578905
x,Mag_H,3.2640000000000002,11.847649626060923
x,Mag_H,3.268,11.773828927067262
x,Mag_H,3.2720000000000002,11.699216435945017
x,Mag_H,3.2760000000000002,11.623820848811665
x,Mag_H,3.2800000000000002,11.547651154555187
x,Mag_H,3.2840000000000003,11.470716634833996
x,Mag_H,3.2880000000000003,11.393026864076983
x,Mag_H,3.2920000000000003,11.314591709483478
x,Mag_H,3.2960000000000003,11.235421331023264
x,Mag_H,3.3000000000000003,11.155526181436546
x,Mag_H,3.304,11.074917006234054
x,Mag_H,3.3080000000000003,10.993604843696877
x,Mag_H,3.3120000000000003,10.911601024876653
x,Mag_H,3.3160000000000003,10.828917173595391
x,Mag_H,3.3200000000000003,10.745565206445626
x,Mag_H,3.324,10.661557332790277
x,Mag_H,3.3280000000000003,10.576906054762755
x,Mag_H,3.332,10.491624167266908
x,Mag_H,3.336,10.40572475797706
x,Mag_H,3.3399999999999994,10.319221207337963
x,Mag_H,3.344,10.232127188564833
x,Mag_H,3.348,10.144456667643325
x,Mag_H,3.352,10.056223903329563
x,Mag_H,3.356,9.967443447150142
x,Mag_H,3.3599999999999994,9.878130143402064
x,Mag_H,3.364,9.788299129152788
x,Mag_H,3.368,9.697965834240255
x,Mag_H,3.372,9.607145981272872
x,Mag_H,3.376,9.515855585629442
x,Mag_H,3.38,9.424110955459279
x,Mag_H,3.384,9.331928691682089
x,Mag_H,3.388,9.239325687988103
x,Mag_H,3.392,9.14631913083793
x,Mag_H,3.3959999999999995,9.0529264994627
x,Mag_H,3.4,8.959165565863934
x,Mag_H,3.404,8.865054394813669
x,Mag_H,3.408,8.770611343854334
x,Mag_H,3.412,8.67585506329885
x,Mag_H,3.4159999999999995,8.580804496230542
x,Mag_H,3.42,8.485478878503276
x,Mag_H,3.424,8.389897738741325
x,Mag_H,3.428,8.29408089833934
x,Mag_H,3.432,8.198048471462549
x,Mag_H,3.436,8.101820865046552
x,Mag_H,3.44,8.005418778797456
x,Mag_H,3.444,7.908863205191768
x,Mag_H,3.448,7.812175429476445
x,Mag_H,3.4519999999999995,7.7153770296689705
x,Mag_H,3.456,7.618489876557215
x,Mag_H,3.46,7.521536133699511
x,Mag_H,3.464,7.424538257424652
x,Mag_H,3.468,7.327518996831882
x,Mag_H,3.472,7.230501393790933
x,Mag_H,3.476,7.133508782941894
x,Mag_H,3.48,7.036564791695435
x,Mag_H,3.484,6.939693340232553
x,Mag_H,3.4879999999999995,6.842918641504807
x,Mag_H,3.492,6.74626520123412
x,Mag_H,3.496,6.64975781791294
x,Mag_H,3.5,6.553421582804135
x,Mag_H,3.504,8.855384508122272
x,Mag_H,3.5079999999999996,8.80631478310974
x,Mag_H,3.512,8.75743455365329
x,Mag_H,3.516,8.70874429508326
x,Mag_H,3.52,8.660244473219276
x,Mag_H,3.524,8.611935544370406
x,Mag_H,3.528,8.563817955334935
x,Mag_H,3.532,8.515892143400684
x,Mag_H,3.536,8.468158536344744
x,Mag_H,3.54,8.420617552433606
x,Mag_H,3.5439999999999996,8.373269600423164
x,Mag_H,3.548,8.326115079558571
x,Mag_H,3.552,8.279154379574436
x,Mag_H,3.556,8.232387880694786
x,Mag_H,3.56,8.18581595363284
x,Mag_H,3.5639999999999996,8.139438959591368
x,Mag_H,3.568,8.093257250262363
x,Mag_H,3.572,8.047271167827327
x,Mag_H,3.576,8.001481044957023
x,Mag_H,3.58,7.955887204811573
x,Mag_H,3.584,7.910489961040579
x,Mag_H,3.588,7.865289617782879
x,Mag_H,3.592,7.8202864696668
x,Mag_H,3.596,7.775480801809905
x,Mag_H,3.5999999999999996,7.730872889819255
x,Mag_H,3.604,7.68646299979117
x,Mag_H,3.608,7.642251388311442
x,Mag_H,3.612,7.598238302455135
x,Mag_H,3.616,7.554423979786712
x,Mag_H,3.6199999999999997,7.5108086483600545
x,Mag_H,3.624,7.467392526718355
x,Mag_H,3.628,7.424175823894169
x,Mag_H,3.632,7.381158739409433
x,Mag_H,3.6359999999999997,7.338341463275485
x,Mag_H,3.64,7.29572417599302
x,Mag_H,3.644,7.253307048552056
x,Mag_H,3.648,7.211090242431975
x,Mag_H,3.652,7.169073909601626
x,Mag_H,3.6559999999999997,7.127258192519095
x,Mag_H,3.66,7.085643224131961
x,Mag_H,3.664,7.044229127877049
x,Mag_H,3.668,7.003016017680641
x,Mag_H,3.672,6.962003997958361
x,Mag_H,3.676,6.921193163615192
x,Mag_H,3.68,6.880583600045473
x,Mag_H,3.684,6.840175383132929
x,Mag_H,3.688,6.79996857925069
x,Mag_H,3.6919999999999997,6.759963245261163
x,Mag_H,3.696,6.720159428516221
x,Mag_H,3.7,6.680557166856993
x,Mag_H,3.704,6.641156488614103
x,Mag_H,3.708,6.601957412607435
x,Mag_H,3.7119999999999997,6.562959948146324
x,Mag_H,3.716,6.524164095029407
x,Mag_H,3.72,6.485569843544737
x,Mag_H,3.724,6.447177174469695
x,Mag_H,3.728,6.408986059071059
x,Mag_H,3.732,6.370996459104926
x,Mag_H,3.736,6.333208326816872
x,Mag_H,3.74,6.295621604941706
x,Mag_H,3.744,6.258236226703711
x,Mag_H,3.7479999999999998,6.221052115816449
x,Mag_H,3.7520000000000002,6.184069186482926
x,Mag_H,3.7560000000000002,6.147287343395449
x,Mag_H,3.7600000000000002,6.110706481735741
x,Mag_H,3.7640000000000002,6.074326487174913
x,Mag_H,3.768,6.038147235873371
x,Mag_H,3.7720000000000002,6.002168594480928
x,Mag_H,3.7760000000000002,5.966390420136779
x,Mag_H,3.7800000000000002,5.93081256046946
x,Mag_H,3.784,5.895434853596888
x,Mag_H,3.7880000000000003,5.860257128126349
x,Mag_H,3.7920000000000003,5.825279203154484
x,Mag_H,3.7960000000000003,5.790500888267336
x,Mag_H,3.8000000000000003,5.7559219835402535
x,Mag_H,3.804,5.721542279538016
x,Mag_H,3.8080000000000003,5.687361557314723
x,Mag_H,3.8120000000000003,5.653379588413903
x,Mag_H,3.8160000000000003,5.619596134868362
x,Mag_H,3.8200000000000003,5.586010949200361
x,Mag_H,3.824,5.552623774421472
x,Mag_H,3.8280000000000003,5.519434344032665
x,Mag_H,3.8320000000000003,5.486442382024249
x,Mag_H,3.8360000000000003,5.453647602875937
x,Mag_H,3.8399999999999994,5.421049711556798
x,Mag_H,3.844,5.388648403525229
x,Mag_H,3.848,5.356443364729065
x,Mag_H,3.852,5.324434271605461
x,Mag_H,3.856,5.292620791080917
x,Mag_H,3.8599999999999994,5.261002580571382
x,Mag_H,3.864,5.229579287982083
x,Mag_H,3.868,5.198350551707696
x,Mag_H,3.872,5.167316000632202
x,Mag_H,3.876,5.136475254128959
x,Mag_H,3.88,5.1058279220607306
x,Mag_H,3.884,5.075373604779617
x,Mag_H,3.888,5.045111893127102
x,Mag_H,3.892,5.0150423684339875
x,Mag_H,3.8959999999999995,4.985164602520533
x,Mag_H,3.9,4.955478157696284
x,Mag_H,3.904,4.925982586760203
x,Mag_H,3.908,4.896677433000593
x,Mag_H,3.9119999999999995,4.867562230195135
x,Mag_H,3.916,4.8386365026108855
x,Mag_H,3.92,4.809899765004247
x,Mag_H,3.9239999999999995,4.781351522621023
x,Mag_H,3.928,4.752991271196331
x,Mag_H,3.9319999999999995,4.724818496954725
x,Mag_H,3.9360000000000004,4.696832676610079
x,Mag_H,3.94,4.669033277365646
x,Mag_H,3.9439999999999995,4.641419756914043
x,Mag_H,3.948,4.6139915634372635
x,Mag_H,3.9519999999999995,4.586748135606671
x,Mag_H,3.9560000000000004,4.5596889025829865
x,Mag_H,3.96,4.532813284016297
x,Mag_H,3.9639999999999995,4.506120690046073
x,Mag_H,3.968,4.479610521301137
x,Mag_H,3.972,4.453282168899689
x,Mag_H,3.9760000000000004,4.427135014449263
x,Mag_H,3.98,4.401168430046828
x,Mag_H,3.9839999999999995,4.375381778278687
x,Mag_H,3.988,4.349774412220471
x,Mag_H,3.992,4.324345675437239
x,Mag_H,3.9960000000000004,4.299094901983385
x,Mag_H,4.0,4.274021416402687
y,Mag_H,0.0,5.8840064833368455
y,Mag_H,0.004,5.9128586491608495
y,Mag_H,0.008,5.941752117648654
y,Mag_H,0.012,5.970687199965553
y,Mag_H,0.016,5.999664235295985
y,Mag_H,0.02,6.028683590843414
y,Mag_H,0.024,6.057745661830447
y,Mag_H,0.028,6.086850871498731
y,Mag_H,0.032,6.115999671109028
y,Mag_H,0.036,6.145192539941152
y,Mag_H,0.04,6.174429985294024
y,Mag_H,0.044,6.203712542485623
y,Mag_H,0.048,6.233040774853045
y,Mag_H,0.052000000000000005,6.262415273752426
y,Mag_H,0.056,6.291836658559048
y,Mag_H,0.05999999999999999,6.321305576667204
y,Mag_H,0.064,6.350822703490311
y,Mag_H,0.068,6.380388742460872
y,Mag_H,0.072,6.4100044250304595
y,Mag_H,0.076,6.439670510669738
y,Mag_H,0.08,6.469387786868433
y,Mag_H,0.084,6.499157069135394
y,Mag_H,0.088,6.52897920099851
y,Mag_H,0.092,6.558855054004774
y,Mag_H,0.096,6.58878552772028
y,Mag_H,0.1,6.6187715497301625
y,Mag_H,0.10400000000000001,6.648814075638669
y,Mag_H,0.108,6.678914089069127
y,Mag_H,0.112,6.70907260166395
y,Mag_H,0.11599999999999999,6.739290653084615
y,Mag_H,0.11999999999999998,6.769569311011708
y,Mag_H,0.124,6.799909671144879
y,Mag_H,0.128,6.830312857202864
y,Mag_H,0.132,6.860780020923497
y,Mag_H,0.136,6.891312342063676
y,Mag_H,0.14,6.921911028399387
y,Mag_H,0.144,6.952577315725702
y,Mag_H,0.148,6.983312467856781
y,Mag_H,0.152,7.014117776625866
y,Mag_H,0.156,7.04499456188527
y,Mag_H,0.16,7.075944171506412
y,Mag_H,0.164,7.1069679813797455
y,Mag_H,0.168,7.138067395414877
y,Mag_H,0.17200000000000001,7.169243845540434
y,Mag_H,0.176,7.200498791704177
y,Mag_H,0.18,7.231833721872913
y,Mag_H,0.184,7.263250152032548
y,Mag_H,0.18799999999999997,7.294749626188063
y,Mag_H,0.192,7.326333716363532
y,Mag_H,0.196,7.358004022602112
y,Mag_H,0.2,7.38976217296602
y,Mag_H,0.20400000000000001,7.421609823536602
y,Mag_H,0.20800000000000002,7.453548658414223
y,Mag_H,0.212,7.4855803897184
y,Mag_H,0.216,7.517706757587687
y,Mag_H,0.22,7.54992953017975
y,Mag_H,0.224,7.582250503671295
y,Mag_H,0.228,7.614671502258174
y,Mag_H,0.23199999999999998,7.647194378155238
y,Mag_H,0.23600000000000002,7.679821011596514
y,Mag_H,0.23999999999999996,7.712553310835047
y,Mag_H,0.244,7.7453932121430045
y,Mag_H,0.248,7.778342679811604
y,Mag_H,0.252,7.811403706151158
y,Mag_H,0.256,7.84457831149107
y,Mag_H,0.26,7.8778685441798295
y,Mag_H,0.264,7.911276480584992
y,Mag_H,0.268,7.944804225093217
y,Mag_H,0.272,7.978453910110221
y,Mag_H,0.276,8.012227696060807
y,Mag_H,0.28,8.046127771388912
y,Mag_H,0.28400000000000003,8.080156352557488
y,Mag_H,0.288,8.114315684048604
y,Mag_H,0.292,8.148608038363395
y,Mag_H,0.296,8.18303571602212
y,Mag_H,0.3,8.217601045564065
y,Mag_H,0.304,8.25230638354764
y,Mag_H,0.308,8.287154114550304
y,Mag_H,0.312,8.322146651168657
y,Mag_H,0.316,8.357286434018297
y,Mag_H,0.32,8.392575931733992
y,Mag_H,0.324,8.428017640969523
y,Mag_H,0.328,8.463614086397811
y,Mag_H,0.33199999999999996,8.499367820710816
y,Mag_H,0.336,8.535281424619612
y,Mag_H,0.34,8.571357506854309
y,Mag_H,0.34400000000000003,8.607598704164172
y,Mag_H,0.34800000000000003,8.644007681317506
y,Mag_H,0.352,8.680587131101696
y,Mag_H,0.356,8.717339774323209
y,Mag_H,0.36,8.754268359807604
y,Mag_H,0.364,8.791375664399546
y,Mag_H,0.368,8.828664492962737
y,Mag_H,0.372,8.866137678380005
y,Mag_H,0.37599999999999995,8.903798081553218
y,Mag_H,0.38,8.941648591403377
y,Mag_H,0.384,8.979692124870532
y,Mag_H,0.388,9.0179316269138
y,Mag_H,0.392,9.056370070511429
y,Mag_H,0.396,9.095010456660715
y,Mag_H,0.4,9.133855814378073
y,Mag_H,0.404,9.172909200698948
y,Mag_H,0.40800000000000003,9.212173700677896
y,Mag_H,0.41200000000000003,9.251652427388557
y,Mag_H,0.41600000000000004,9.291348521923677
y,Mag_H,0.41999999999999993,9.331265153395057
y,Mag_H,0.424,9.37140551893356
y,Mag_H,0.428,9.411772843689155
y,Mag_H,0.432,9.452370380830935
y,Mag_H,0.43599999999999994,9.497065960303624
y,Mag_H,0.44,9.542760072774588
y,Mag_H,0.444,9.588805468746061
y,Mag_H,0.448,9.635204449000982
y,Mag_H,0.452,9.681959301573247
y,Mag_H,0.456,9.729072301747848
y,Mag_H,0.46,9.77654571206068
y,Mag_H,0.46399999999999997,9.824381782298765
y,Mag_H,0.468,9.872582749500152
y,Mag_H,0.47200000000000003,9.921150837953876
y,Mag_H,0.47600000000000003,9.970088259200002
y,Mag_H,0.4799999999999999,10.01939721202963
y,Mag_H,0.484,10.069079882484882
y,Mag_H,0.488,10.119138443858917
y,Mag_H,0.49200000000000005,10.169575056695892
y,Mag_H,0.496,10.220391868791022
y,Mag_H,0.5,10.271591015190497
y,Mag_H,0.504,8.627376151099712
y,Mag_H,0.508,8.716132105838177
y,Mag_H,0.512,8.805013853904862
y,Mag_H,0.5159999999999999,8.894010484990545
y,Mag_H,0.52,8.983111217001909
y,Mag_H,0.524,9.072305396061553
y,Mag_H,0.528,9.161582496507913
y,Mag_H,0.532,9.250932120895452
y,Mag_H,0.536,9.34034399999441
y,Mag_H,0.54,9.429807992790973
y,Mag_H,0.544,9.519314086487235
y,Mag_H,0.548,9.60885239650121
y,Mag_H,0.552,9.69841316646677
y,Mag_H,0.556,9.78798676823371
y,Mag_H,0.56,9.877563701867736
y,Mag_H,0.5640000000000001,9.967134595650407
y,Mag_H,0.5680000000000001,10.05669020607928
y,Mag_H,0.5720000000000001,10.146221417867704
y,Mag_H,0.576,10.235719243944972
y,Mag_H,0.58,10.325174825456335
y,Mag_H,0.584,10.414579431762853
y,Mag_H,0.588,10.503924460441553
y,Mag_H,0.592,10.593201437285309
y,Mag_H,0.596,10.682402016302962
y,Mag_H,0.6,10.771517979719185
y,Mag_H,0.6039999999999999,10.860541237974616
y,Mag_H,0.608,10.949463829725714
y,Mag_H,0.612,11.03827792184494
y,Mag_H,0.616,11.1269758094206
y,Mag_H,0.62,11.21362522344442
y,Mag_H,0.624,11.287215210546846
y,Mag_H,0.628,11.360775748909168
y,Mag_H,0.632,11.434301671436359
y,Mag_H,0.636,11.507787884938105
y,Mag_H,0.64,11.581229370128927
y,Mag_H,0.644,11.654621181628062
y,Mag_H,0.648,11.727958447959493
y,Mag_H,0.652,11.801236371552069
y,Mag_H,0.656,11.874450228739244
y,Mag_H,0.66,11.947595369759352
y,Mag_H,0.6639999999999999,12.020667218755495
y,Mag_H,0.668,12.093661273775462
y,Mag_H,0.672,12.16657310677185
y,Mag_H,0.676,12.239398363602037
y,Mag_H,0.68,12.312132764028132
y,Mag_H,0.684,12.384772101717024
y,Mag_H,0.6880000000000001,12.457312244240375
y,Mag_H,0.692,12.529749133074587
y,Mag_H,0.6960000000000001,12.602078783600838
y,Mag_H,0.7000000000000001,12.674297285105085
y,Mag_H,0.704,12.746400800778023
y,Mag_H,0.708,12.818385567715104
y,Mag_H,0.712,12.890247896916614
y,Mag_H,0.716,12.961984173287506
y,Mag_H,0.72,13.033590855637547
y,Mag_H,0.7239999999999999,13.105064476681292
y,Mag_H,0.728,13.176401643037993
y,Mag_H,0.732,13.247599035231744
y,Mag_H,0.736,13.318653407691336
y,Mag_H,0.74,13.389561588750361
y,Mag_H,0.744,13.46032048064714
y,Mag_H,0.748,13.530927059524833
y,Mag_H,0.7519999999999999,13.601378375431288
y,Mag_H,0.756,13.671671552319115
y,Mag_H,0.76,13.741803788045758
y,Mag_H,0.764,13.811772354373378
y,Mag_H,0.768,13.881574596968862
y,Mag_H,0.772,13.95120793540396
y,Mag_H,0.776,14.020669863155115
y,Mag_H,0.7799999999999999,14.089957947603521
y,Mag_H,0.784,14.159069830035188
y,Mag_H,0.788,14.228003225640872
y,Mag_H,0.792,14.296755923516052
y,Mag_H,0.796,14.365325786661025
y,Mag_H,0.8,14.433710751980842
y,Mag_H,0.804,14.501908830285329
y,Mag_H,0.808,14.569918106288982
y,Mag_H,0.8119999999999999,14.63773673861122
y,Mag_H,0.8160000000000001,14.705362959776073
y,Mag_H,0.8200000000000001,14.772795076212445
y,Mag_H,0.8240000000000001,14.840031468253933
y,Mag_H,0.8280000000000001,14.907070590138972
y,Mag_H,0.8320000000000001,14.973910970010667
y,Mag_H,0.836,15.04055120991693
y,Mag_H,0.8399999999999999,15.106989985810454
y,Mag_H,0.844,15.173226047548738
y,Mag_H,0.848,15.239258218893925
y,Mag_H,0.852,15.305085397512999
y,Mag_H,0.856,15.37070655497773
y,Mag_H,0.86,15.43612073676459
y,Mag_H,0.864,15.501327062254825
y,Mag_H,0.868,15.566324724734493
y,Mag_H,0.8719999999999999,15.631112991394405
y,Mag_H,0.876,15.695691203330066
y,Mag_H,0.88,15.760058775541848
y,Mag_H,0.884,15.824215196934794
y,Mag_H,0.888,15.888160030318769
y,Mag_H,0.892,15.951892912408418
y,Mag_H,0.896,16.015413553823052
y,Mag_H,0.8999999999999999,16.078721739086863
y,Mag_H,0.904,16.14181732662876
y,Mag_H,0.908,16.20470024878234
y,Mag_H,0.912,16.26737051178612
y,Mag_H,0.916,16.32982819578324
y,Mag_H,0.92,16.392073454821677
y,Mag_H,0.924,16.454106516854186
y,Mag_H,0.9279999999999999,16.51592768373821
y,Mag_H,0.932,16.577537331236027
y,Mag_H,0.936,16.638935909014645
y,Mag_H,0.9400000000000001,16.70012394064582
y,Mag_H,0.9440000000000001,16.761102023606167
y,Mag_H,0.9480000000000001,16.821870829276886
y,Mag_H,0.9520000000000001,16.882431102944164
y,Mag_H,0.956,16.942783663798767
y,Mag_H,0.9599999999999999,17.002929404936285
y,Mag_H,0.964,17.062869293357146
y,Mag_H,0.968,17.1226043699664
y,Mag_H,0.972,17.182135749574012
y,Mag_H,0.976,17.24146462089457
y,Mag_H,0.98,17.300592246547545
y,Mag_H,0.9840000000000001,17.359519963057075
y,Mag_H,0.9879999999999999,17.418249180852193
y,Mag_H,0.992,17.47678138426649
y,Mag_H,0.9959999999999999,17.535118131538518
y,Mag_H,1.0,17.593261054811514
y,Mag_H,1.0039999999999998,17.651211860133447
y,Mag_H,1.008,17.70897232745713
y,Mag_H,1.012,17.76654431064003
y,Mag_H,1.016,17.823929737444516
y,Mag_H,1.02,17.88113060953761
y,Mag_H,1.024,17.938149002491137
y,Mag_H,1.028,17.994987065781654
y,Mag_H,1.0319999999999998,18.05164702279057
y,Mag_H,1.036,18.10813117080395
y,Mag_H,1.04,18.164441881012685
y,Mag_H,1.044,18.220581598512485
y,Mag_H,1.048,18.276552842303662
y,Mag_H,1.052,18.332358205291424
y,Mag_H,1.056,18.388000354285687
y,Mag_H,1.0599999999999998,18.443482030001178
y,Mag_H,1.064,18.498806047057357
y,Mag_H,1.068,18.553975293978457
y,Mag_H,1.072,18.608992733193407
y,Mag_H,1.076,18.663861401036037
y,Mag_H,1.08,18.71858440774484
y,Mag_H,1.084,18.773164937463076
y,Mag_H,1.088,18.82760624823881
y,Mag_H,1.092,18.881911672024913
y,Mag_H,1.096,18.936084614678833
y,Mag_H,1.1,18.99012855596297
y,Mag_H,1.104,19.044047049544446
y,Mag_H,1.108,19.097843722995115
y,Mag_H,1.112,19.151522277791596
y,Mag_H,1.116,19.205086489315303
y,Mag_H,1.12,19.25854020685237
y,Mag_H,1.124,19.311887353593715
y,Mag_H,1.1280000000000001,19.36513192663506
y,Mag_H,1.1320000000000001,19.41827799697683
y,Mag_H,1.1360000000000001,19.47132970952423
y,Mag_H,1.1400000000000001,19.524291283087223
y,Mag_H,1.1440000000000001,19.577167010380617
y,Mag_H,1.1480000000000001,19.629961258023872
y,Mag_H,1.152,19.682678466541244
y,Mag_H,1.156,19.73532315036178
y,Mag_H,1.16,19.787899897819305
y,Mag_H,1.164,19.84041337115234
y,Mag_H,1.168,19.892868306504223
y,Mag_H,1.172,19.945269513923066
y,Mag_H,1.176,19.997621877361702
y,Mag_H,1.1799999999999997,20.049930354677727
y,Mag_H,1.184,20.10219997763357
y,Mag_H,1.188,20.137022382386274
y,Mag_H,1.192,20.081936183903935
y,Mag_H,1.196,20.03280473631742
y,Mag_H,1.2,19.9895841142152
y,Mag_H,1.204,19.952230697597876
y,Mag_H,1.2079999999999997,19.920701171877944
y,Mag_H,1.212,19.894952527880008
y,Mag_H,1.216,19.874942061840702
y,Mag_H,1.22,19.860627375408708
y,Mag_H,1.224,19.851966375644704
y,Mag_H,1.228,19.848917275021382
y,Mag_H,1.232,19.85143859142363
y,Mag_H,1.236,19.859489148148192
y,Mag_H,1.24,19.873028073903917
y,Mag_H,1.244,19.89201480281173
y,Mag_H,1.248,19.916409074404505
y,Mag_H,1.252,19.946170933627208
y,Mag_H,1.256,19.98126073083686
y,Mag_H,1.26,20.02163912180248
y,Mag_H,1.264,20.067267067705163
y,Mag_H,1.268,20.118105835137996
y,Mag_H,1.272,20.17411699610613
y,Mag_H,1.276,20.235262428026694
y,Mag_H,1.28,20.30150431372901
y,Mag_H,1.284,20.372805141454243
y,Mag_H,1.288,20.449127704855705
y,Mag_H,1.292,20.530435102998702
y,Mag_H,1.296,20.61669074036067
y,Mag_H,1.2999999999999998,20.707858326830927
y,Mag_H,1.304,20.803901877710977
y,Mag_H,1.308,20.904785713714254
y,Mag_H,1.312,21.01047446096628
y,Mag_H,1.316,21.120933051004567
y,Mag_H,1.32,21.236126720778763
y,Mag_H,1.324,21.356021012650427
y,Mag_H,1.3279999999999998,21.480581774393258
y,Mag_H,1.332,21.60977515919297
y,Mag_H,1.336,21.743567625647238
y,Mag_H,1.34,21.881925937765867
y,Mag_H,1.344,22.024817164970674
y,Mag_H,1.348,22.172208682095434
y,Mag_H,1.352,22.324068169386067
y,Mag_H,1.3559999999999999,22.480363612500483
y,Mag_H,1.36,22.641063302508638
y,Mag_H,1.364,22.806135835892537
y,Mag_H,1.368,22.97555011454617
y,Mag_H,1.372,23.149275345775596
y,Mag_H,1.3760000000000001,23.327281042298935
y,Mag_H,1.3800000000000001,23.509537022246334
y,Mag_H,1.384,23.69601340915994
y,Mag_H,1.3880000000000001,23.886680631993972
y,Mag_H,1.3920000000000001,24.081509425114657
y,Mag_H,1.3960000000000001,24.280470828300295
y,Mag_H,1.4000000000000001,24.4835361867412
y,Mag_H,1.4040000000000001,24.69067715103973
y,Mag_H,1.408,24.901865677210303
y,Mag_H,1.412,25.117074026679266
y,Mag_H,1.416,25.336274766285158
y,Mag_H,1.4199999999999997,25.559440768278453
y,Mag_H,1.424,25.78654521032167
y,Mag_H,1.428,26.017561575489477
y,Mag_H,1.432,26.252463652268357
y,Mag_H,1.436,26.49122553455702
y,Mag_H,1.44,26.7338216216662
y,Mag_H,1.444,26.980226618318543
y,Mag_H,1.4479999999999997,27.230415534648845
y,Mag_H,1.452,27.48436368620384
y,Mag_H,1.456,27.742046693942473
y,Mag_H,1.46,28.00344048423549
y,Mag_H,1.464,28.26852128886593
y,Mag_H,1.468,28.537265645028604
y,Mag_H,1.472,28.809650395330596
y,Mag_H,1.4759999999999998,29.085652687790834
y,Mag_H,1.48,29.365249975840456
y,Mag_H,1.484,29.648420018322486
y,Mag_H,1.488,29.935140879492042
y,Mag_H,1.492,30.225390929016307
y,Mag_H,1.496,30.519148841974552
y,Mag_H,1.5,30.816393598857957
y,Mag_H,1.5039999999999998,31.117104485569744
y,Mag_H,1.508,31.421261093425283
y,Mag_H,1.512,31.728843319151885
y,Mag_H,1.516,32.03983136488895
y,Mag_H,1.52,32.35420573818794
y,Mag_H,1.524,32.67194725201224
y,Mag_H,1.528,32.99303702473736
y,Mag_H,1.5319999999999998,33.3174564801509
y,Mag_H,1.536,33.64518734745233
y,Mag_H,1.54,33.976211661253295
y,Mag_H,1.544,34.310511761577445
y,Mag_H,1.548,34.648070293860414
y,Mag_H,1.552,34.988870208949976
y,Mag_H,1.556,35.344885761041105
y,Mag_H,1.5599999999999998,35.733432131236846
y,Mag_H,1.564,36.12454815143003
y,Mag_H,1.568,36.5182429732792
y,Mag_H,1.572,36.91452657951292
y,Mag_H,1.576,37.31340978393046
y,Mag_H,1.58,37.71490423140151
y,Mag_H,1.584,38.119022397865855
y,Mag_H,1.588,38.525777590334165
y,Mag_H,1.592,38.93518394688721
y,Mag_H,1.5959999999999999,39.34725643667641
y,Mag_H,1.6,39.762010859923315
y,Mag_H,1.604,40.17946384792021
y,Mag_H,1.608,40.59963286302954
y,Mag_H,1.612,41.022536198684364
y,Mag_H,1.616,41.44819297938808
y,Mag_H,1.62,41.876623160714615
y,Mag_H,1.6239999999999999,42.30784752930809
y,Mag_H,1.6280000000000001,42.74188770288315
y,Mag_H,1.6320000000000001,43.17876613022497
y,Mag_H,1.6360000000000001,43.61850609118921
y,Mag_H,1.6400000000000001,44.06113169670177
y,Mag_H,1.6440000000000001,44.50666788875896
y,Mag_H,1.6480000000000001,44.955140440427556
y,Mag_H,1.652,45.40657595584483
y,Mag_H,1.6560000000000001,45.86100187021832
y,Mag_H,1.6600000000000001,46.318446449826254
y,Mag_H,1.6640000000000001,46.77893879201707
y,Mag_H,1.668,47.2425088252097
y,Mag_H,1.672,47.70918730889337
y,Mag_H,1.676,48.17900583362798
y,Mag_H,1.6799999999999997,48.651996821043554
y,Mag_H,1.684,49.12819352384091
y,Mag_H,1.688,49.607630025790904
y,Mag_H,1.692,50.09034124173507
y,Mag_H,1.696,50.57636291758518
y,Mag_H,1.7,51.06573163032371
y,Mag_H,1.704,51.558484788003405
y,Mag_H,1.7079999999999997,51.934072293167276
y,Mag_H,1.712,52.15899505135996
y,Mag_H,1.716,52.38838431284947
y,Mag_H,1.72,52.622095387944796
y,Mag_H,1.724,52.85998618534709
y,Mag_H,1.728,53.10191721215017
y,Mag_H,1.732,53.34775157384003
y,Mag_H,1.736,53.59735497429507
y,Mag_H,1.74,53.8505957157861
y,Mag_H,1.7439999999999998,54.107344698976426
y,Mag_H,1.748,54.3674754229212
y,Mag_H,1.752,54.63086398506861
y,Mag_H,1.756,54.89738908125855
y,Mag_H,1.76,55.16693200572397
y,Mag_H,1.764,55.439376651089844
y,Mag_H,1.768,55.714609508373364
y,Mag_H,1.7719999999999998,55.99251966698421
y,Mag_H,1.776,56.27299881472457
y,Mag_H,1.78,56.55594123778883
y,Mag_H,1.784,56.841243820763886
y,Mag_H,1.788,57.128806046628874
y,Mag_H,1.792,57.4185299967553
y,Mag_H,1.796,57.710320350907075
y,Mag_H,1.7999999999999998,58.004084387240624
y,Mag_H,1.804,58.279738957921566
y,Mag_H,1.808,58.402273584276344
y,Mag_H,1.812,58.52344161778306
y,Mag_H,1.816,58.64319931758617
y,Mag_H,1.82,58.76150434905948
y,Mag_H,1.824,58.87831578380607
y,Mag_H,1.8279999999999998,58.99359409965793
y,Mag_H,1.832,59.10730118067679
y,Mag_H,1.836,59.21940031715282
y,Mag_H,1.84,59.32985620560634
y,Mag_H,1.844,59.43863494878606
y,Mag_H,1.848,59.54570405567043
y,Mag_H,1.852,59.651032441467
y,Mag_H,1.8559999999999999,59.75459042761235
y,Mag_H,1.86,59.85634974177251
y,Mag_H,1.864,59.956283517842586
y,Mag_H,1.868,60.05436629594696
y,Mag_H,1.872,60.150574022439216
y,Mag_H,1.8760000000000001,60.244884049902126
y,Mag_H,1.8800000000000001,60.33727513714777
y,Mag_H,1.884,60.4277274492174
y,Mag_H,1.8880000000000001,60.516222557381326
y,Mag_H,1.892,60.60274343913938
y,Mag_H,1.8960000000000001,60.68727447822036
y,Mag_H,1.9000000000000001,60.76980146458248
y,Mag_H,1.9040000000000001,60.85031159441294
y,Mag_H,1.9080000000000001,60.928793470128326
y,Mag_H,1.912,61.00523710037438
y,Mag_H,1.9160000000000001,61.079633900026
y,Mag_H,1.9199999999999997,61.15197669018763
y,Mag_H,1.924,61.222259698192374
y,Mag_H,1.928,61.29047855760303
y,Mag_H,1.932,61.35663030821146
y,Mag_H,1.936,61.420713396038686
y,Mag_H,1.94,61.48272767333499
y,Mag_H,1.944,61.54267439857978
y,Mag_H,1.9479999999999997,61.600556236481914
y,Mag_H,1.952,61.65637725797928
y,Mag_H,1.9559999999999997,61.71014294023873
y,Mag_H,1.96,61.76186016665717
y,Mag_H,1.964,61.81153722685976
y,Mag_H,1.9680000000000002,61.859183816701545
y,Mag_H,1.9719999999999998,61.90481103826632
y,Mag_H,1.9759999999999998,61.948431399867545
y,Mag_H,1.98,61.99005881604745
y,Mag_H,1.984,62.02970860757791
y,Mag_H,1.9880000000000002,62.067397501459446
y,Mag_H,1.9919999999999998,62.10314363092268
y,Mag_H,1.996,62.136966535426616
y,Mag_H,2.0,62.16888716065977
y,Mag_H,2.004,62.19892785854002
y,Mag_H,2.0079999999999996,62.22711238721433
y,Mag_H,2.012,62.253465911058704
y,Mag_H,2.016,62.27801500067882
y,Mag_H,2.02,62.30078763290913
y,Mag_H,2.024,62.321813190813494
y,Mag_H,2.028,62.341122463684954
y,Mag_H,2.032,62.35874764704579
y,Mag_H,2.036,62.374722342647516
y,Mag_H,2.04,62.3890815584709
y,Mag_H,2.044,62.40186170872569
y,Mag_H,2.048,62.41310061385112
y,Mag_H,2.052,62.422837500515634
y,Mag_H,2.056,62.43111300161665
y,Mag_H,2.06,62.43796915628118
y,Mag_H,2.0639999999999996,62.443449409864975
y,Mag_H,2.068,62.44759861395339
y,Mag_H,2.072,62.450463026360985
y,Mag_H,2.076,62.45209031113126
y,Mag_H,2.08,62.4525295385372
y,Mag_H,2.084,62.4518311850807
y,Mag_H,2.088,62.45004713349325
y,Mag_H,2.092,62.44723067273539
y,Mag_H,2.096,62.44343649799689
y,Mag_H,2.1,62.43872071069654
y,Mag_H,2.104,62.43314081848269
y,Mag_H,2.108,62.42675573523258
y,Mag_H,2.112,62.419625781053014
y,Mag_H,2.116,62.411812682279766
y,Mag_H,2.1199999999999997,62.40337957147784
y,Mag_H,2.124,62.39439098744136
y,Mag_H,2.128,62.38491287519406
y,Mag_H,2.132,62.3750125859887
y,Mag_H,2.136,62.364758877306954
y,Mag_H,2.14,62.35422191286005
y,Mag_H,2.144,62.24631927596177
y,Mag_H,2.148,62.05155696409688
y,Mag_H,2.152,61.85551984497687
y,Mag_H,2.1559999999999997,61.65815723535202
y,Mag_H,2.16,61.45943055594688
y,Mag_H,2.164,61.25931333145886
y,Mag_H,2.168,61.05779119055949
y,Mag_H,2.172,60.85486186589381
y,Mag_H,2.176,60.65053519408047
y,Mag_H,2.18,60.4448331157117
y,Mag_H,2.184,60.23778967535316
y,Mag_H,2.188,60.02945102154458
y,Mag_H,2.192,59.81987540679888
y,Mag_H,2.196,59.6091331876029
y,Mag_H,2.2,59.39730682441693
y,Mag_H,2.204,59.18449088167482
y,Mag_H,2.208,58.97079202778426
y,Mag_H,2.2119999999999997,58.75632903512626
y,Mag_H,2.216,58.54123278005586
y,Mag_H,2.22,58.32564624290119
y,Mag_H,2.224,58.10972450796441
y,Mag_H,2.228,57.89363476352112
y,Mag_H,2.232,57.6775563018207
y,Mag_H,2.236,57.461680519085895
y,Mag_H,2.24,57.246210915513224
y,Mag_H,2.244,57.03136309527295
y,Mag_H,2.248,56.81736476650846
y,Mag_H,2.2520000000000002,56.60445574133743
y,Mag_H,2.2560000000000002,56.39288793585069
y,Mag_H,2.2600000000000002,56.1829253701127
y,Mag_H,2.2640000000000002,55.97484416816184
y,Mag_H,2.268,55.768932558009915
y,Mag_H,2.2720000000000002,55.56549087164227
y,Mag_H,2.2760000000000002,55.36483154501786
y,Mag_H,2.2800000000000002,55.16727911806951
y,Mag_H,2.2840000000000003,54.97317023470339
y,Mag_H,2.2880000000000003,54.78285364279944
y,Mag_H,2.2920000000000003,54.59669019421134
y,Mag_H,2.2960000000000003,54.415052844765796
y,Mag_H,2.3000000000000003,54.23832665426403
y,Mag_H,2.304,54.06690878648003
y,Mag_H,2.308,53.90120850916194
y,Mag_H,2.312,53.7416471940314
y,Mag_H,2.316,53.58865831678355
y,Mag_H,2.32,53.44268745708715
y,Mag_H,2.324,53.30419229858469
y,Mag_H,2.328,53.17364262889236
y,Mag_H,2.332,53.0515203395998
y,Mag_H,2.336,52.93831942627007
y,Mag_H,2.34,52.834545988440375
y,Mag_H,2.344,52.740718229621066
y,Mag_H,2.348,52.65736645729639
y,Mag_H,2.352,52.58503308292413
y,Mag_H,2.356,52.52427262193555
y,Mag_H,2.3599999999999994,52.36199807638552
y,Mag_H,2.364,52.021346605709844
y,Mag_H,2.368,51.68229582297532
y,Mag_H,2.372,51.34485993595625
y,Mag_H,2.376,51.00905322612048
y,Mag_H,2.38,50.6748900486304
y,Mag_H,2.384,50.34238483234232
y,Mag_H,2.388,50.01155207980633
y,Mag_H,2.392,49.68240636726658
y,Mag_H,2.3959999999999995,49.354962344661814
y,Mag_H,2.4,49.02923473562396
y,Mag_H,2.404,48.70523833747966
y,Mag_H,2.408,48.38298802124932
y,Mag_H,2.412,48.062498731647324
y,Mag_H,2.4159999999999995,47.743785487082235
y,Mag_H,2.42,47.426863379656346
y,Mag_H,2.424,47.11174757516648
y,Mag_H,2.428,46.79845331310306
y,Mag_H,2.432,46.47011109598942
y,Mag_H,2.436,46.101534223303915
y,Mag_H,2.44,45.73633928268568
y,Mag_H,2.444,45.37448182013622
y,Mag_H,2.448,45.01591757661275
y,Mag_H,2.4519999999999995,44.660602488029056
y,Mag_H,2.456,44.3084926852548
y,Mag_H,2.46,43.959544494115946
y,Mag_H,2.464,43.61371443539473
y,Mag_H,2.468,43.270959224829404
y,Mag_H,2.472,42.93123577311474
y,Mag_H,2.476,42.594501185901244
y,Mag_H,2.48,42.26071276379597
y,Mag_H,2.484,41.92982800236209
y,Mag_H,2.488,41.60180459211873
y,Mag_H,2.492,41.27660041854155
y,Mag_H,2.496,40.95417356206218
y,Mag_H,2.5,40.63448229806841
y,Mag_H,2.504,40.31748509690446
y,Mag_H,2.5079999999999996,40.003140623870486
y,Mag_H,2.512,39.69140773922302
y,Mag_H,2.516,39.382245498174505
y,Mag_H,2.52,39.075613150894
y,Mag_H,2.524,38.77147014250641
y,Mag_H,2.528,38.46977611309289
y,Mag_H,2.532,38.17049089769093
y,Mag_H,2.536,37.87357452629405
y,Mag_H,2.54,37.57898722385202
y,Mag_H,2.544,37.286689410270846
y,Mag_H,2.548,36.996641700412574
y,Mag_H,2.552,36.7088049040957
y,Mag_H,2.556,36.42314002609464
y,Mag_H,2.56,36.1396082661401
y,Mag_H,2.5639999999999996,35.85817101891912
y,Mag_H,2.568,35.578789874074666
y,Mag_H,2.572,35.301426616206044
y,Mag_H,2.576,35.02604322486874
y,Mag_H,2.58,34.75260187457446
y,Mag_H,2.584,34.48106493479099
y,Mag_H,2.588,34.21139496994245
y,Mag_H,2.592,33.943554739409
y,Mag_H,2.596,33.677507197527135
y,Mag_H,2.5999999999999996,33.41321549358945
y,Mag_H,2.604,33.150642971844675
y,Mag_H,2.608,32.88975317149789
y,Mag_H,2.612,32.63050982671024
y,Mag_H,2.616,32.3728768665991
y,Mag_H,2.6199999999999997,32.11681841523801
y,Mag_H,2.624,31.862298791656734
y,Mag_H,2.628,31.609282509841236
y,Mag_H,2.632,31.35773427873358
y,Mag_H,2.636,31.107619002232195
y,Mag_H,2.64,30.8589017791915
y,Mag_H,2.644,30.611547903422196
y,Mag_H,2.648,30.36552286369118
y,Mag_H,2.652,30.12079234372157
y,Mag_H,2.6559999999999997,29.87732222219255
y,Mag_H,2.66,29.676565880627848
y,Mag_H,2.664,29.58660999905852
y,Mag_H,2.668,29.496604791673857
y,Mag_H,2.672,29.406549358784456
y,Mag_H,2.676,29.316442878602658
y,Mag_H,2.68,29.226284607243034
y,Mag_H,2.684,29.136073878721763
y,Mag_H,2.688,29.04581010495717
y,Mag_H,2.692,28.955492775769414
y,Mag_H,2.696,28.865121458880587
y,Mag_H,2.7,28.774695799914802
y,Mag_H,2.704,28.684215522398013
y,Mag_H,2.708,28.593680427758155
y,Mag_H,2.7119999999999997,28.503090395325035
y,Mag_H,2.716,28.41244538233049
y,Mag_H,2.72,28.32174542390817
y,Mag_H,2.724,28.23099063309375
y,Mag_H,2.728,28.140181200824777
y,Mag_H,2.732,28.04931739594084
y,Mag_H,2.736,27.95839956518325
y,Mag_H,2.74,27.867428133195485
y,Mag_H,2.744,27.77640360252278
y,Mag_H,2.7479999999999998,27.68532655361238
y,Mag_H,2.7520000000000002,27.594197644813512
y,Mag_H,2.7560000000000002,27.50301761237716
y,Mag_H,2.7600000000000002,27.411787270456404
y,Mag_H,2.7640000000000002,27.32050751110625
y,Mag_H,2.768,27.229179304283527
y,Mag_H,2.7720000000000002,27.137803697847097
y,Mag_H,2.7760000000000002,27.046381817557673
y,Mag_H,2.7800000000000002,26.954914867078017
y,Mag_H,2.7840000000000003,26.863404127972625
y,Mag_H,2.7880000000000003,26.771850959708168
y,Mag_H,2.7920000000000003,26.68025679965305
y,Mag_H,2.7960000000000003,26.588623163077745
y,Mag_H,2.8000000000000003,26.496951643154553
y,Mag_H,2.804,26.40524391095775
y,Mag_H,2.8080000000000003,26.313501715463556
y,Mag_H,2.8120000000000003,26.22172688355017
y,Mag_H,2.816,26.12992131999754
y,Mag_H,2.82,26.038087007487807
y,Mag_H,2.824,25.946226006604817
y,Mag_H,2.828,25.85434045583445
y,Mag_H,2.832,25.762432571564496
y,Mag_H,2.836,25.670504648084712
y,Mag_H,2.8399999999999994,25.57855905758676
y,Mag_H,2.844,25.486598250164253
y,Mag_H,2.848,25.394624753812668
y,Mag_H,2.852,25.302641174429503
y,Mag_H,2.856,25.210650195814114
y,Mag_H,2.8599999999999994,25.118654579667858
y,Mag_H,2.864,25.02665716559397
y,Mag_H,2.868,24.934660871097595
y,Mag_H,2.872,24.842668691585946
y,Mag_H,2.876,24.750683700367972
y,Mag_H,2.88,24.658709048654714
y,Mag_H,2.884,24.56674796555909
y,Mag_H,2.888,24.47480375809588
y,Mag_H,2.892,24.38287981118192
y,Mag_H,2.8959999999999995,24.290979587635924
y,Mag_H,2.9,24.19910662817849
y,Mag_H,2.904,24.107264551432163
y,Mag_H,2.908,24.0154570539215
y,Mag_H,2.912,23.9236879100729
y,Mag_H,2.9159999999999995,23.831960972214798
y,Mag_H,2.92,23.74028017057741
y,Mag_H,2.924,23.648649513293016
y,Mag_H,2.928,23.557073086395764
y,Mag_H,2.932,23.465555053821724
y,Mag_H,2.936,23.37409965740895
y,Mag_H,2.94,23.282711216897358
y,Mag_H,2.944,23.19139412992887
y,Mag_H,2.948,23.100152872047328
y,Mag_H,2.9519999999999995,23.00899199669842
y,Mag_H,2.956,22.917916135229913
y,Mag_H,2.96,22.826929996891362
y,Mag_H,2.964,22.736038368834308
y,Mag_H,2.968,22.6452461161122
y,Mag_H,2.972,22.55455818168057
y,Mag_H,2.976,22.463979586396633
y,Mag_H,2.98,22.37351542901974
y,Mag_H,2.984,22.283170886211053
y,Mag_H,2.988,22.19295121253375
y,Mag_H,2.992,22.102861740452866
y,Mag_H,2.996,22.0129078803354
y,Mag_H,3.0,21.923095120450313
y,Mag_H,3.004,21.833429026968467
y,Mag_H,3.0079999999999996,21.743915243962643
y,Mag_H,3.012,21.654559493407532
y,Mag_H,3.016,21.565367575179835
y,Mag_H,3.02,21.476345367058165
y,Mag_H,3.024,21.387498824723007
y,Mag_H,3.028,21.298833981756836
y,Mag_H,3.032,21.18282277052351
y,Mag_H,3.036,21.03820554732397
y,Mag_H,3.04,20.89309478262673
y,Mag_H,3.0439999999999996,20.74748612980764
y,Mag_H,3.048,20.60137533514039
y,Mag_H,3.052,20.454758237796415
y,Mag_H,3.056,20.30763076984489
y,Mag_H,3.06,20.159988956253006
y,Mag_H,3.0639999999999996,20.01182891488552
y,Mag_H,3.068,19.863146856505107
y,Mag_H,3.072,19.713939084772253
y,Mag_H,3.076,19.564201996245146
y,Mag_H,3.08,19.413932080379862
y,Mag_H,3.084,19.2631259195303
y,Mag_H,3.088,19.11178018894803
y,Mag_H,3.092,18.95989165678252
y,Mag_H,3.096,18.805827225576483
y,Mag_H,3.0999999999999996,18.624039486015814
y,Mag_H,3.104,18.445983629849504
y,Mag_H,3.108,18.271636060297045
y,Mag_H,3.112,18.100973233301456
y,Mag_H,3.116,17.933971657529504
y,Mag_H,3.1199999999999997,17.770607894371423
y,Mag_H,3.124,17.610858557941143
y,Mag_H,3.128,17.45470031507615
y,Mag_H,3.132,17.302109885337632
y,Mag_H,3.136,17.153064041010317
y,Mag_H,3.14,17.00753960710246
y,Mag_H,3.144,16.865513461346083
y,Mag_H,3.148,16.72696253419677
y,Mag_H,3.152,16.591863808833672
y,Mag_H,3.1559999999999997,16.460194321159538
y,Mag_H,3.16,16.317101523602524
y,Mag_H,3.164,16.153564183184788
y,Mag_H,3.168,15.993601487281083
y,Mag_H,3.172,15.837169709561149
y,Mag_H,3.176,15.68422504843808
y,Mag_H,3.18,15.53472362706824
y,Mag_H,3.184,15.388621493351378
y,Mag_H,3.188,15.245874619930442
y,Mag_H,3.1919999999999997,15.106438904191851
y,Mag_H,3.196,14.970270168265172
y,Mag_H,3.2,14.837324159023416
y,Mag_H,3.204,14.707556548082815
y,Mag_H,3.208,14.580922931802903
y,Mag_H,3.2119999999999997,14.45737883128664
y,Mag_H,3.216,14.336879692380194
y,Mag_H,3.22,14.219380885673075
y,Mag_H,3.224,14.104837706498074
y,Mag_H,3.228,13.993205374931412
y,Mag_H,3.232,13.884439035792456
y,Mag_H,3.236,13.778493758644013
y,Mag_H,3.24,13.675324537792092
y,Mag_H,3.244,13.574886292286138
y,Mag_H,3.2479999999999998,13.47713386591883
y,Mag_H,3.2520000000000002,13.382022027226174
y,Mag_H,3.2560000000000002,13.289505469487478
y,Mag_H,3.2600000000000002,13.199538810725363
y,Mag_H,3.2640000000000002,13.112076593705789
y,Mag_H,3.268,13.027073285938009
y,Mag_H,3.2720000000000002,12.944483279674555
y,Mag_H,3.2760000000000002,12.864260891911366
y,Mag_H,3.2800000000000002,12.78636036438758
y,Mag_H,3.2840000000000003,12.710735863585711
y,Mag_H,3.2880000000000003,12.637341480731566
y,Mag_H,3.2920000000000003,12.566131231794314
y,Mag_H,3.2960000000000003,12.497059057486313
y,Mag_H,3.3000000000000003,12.43007882326338
y,Mag_H,3.304,12.365144319324529
y,Mag_H,3.3080000000000003,12.30220926061217
y,Mag_H,3.3120000000000003,12.241227286811961
y,Mag_H,3.3160000000000003,12.182151962352908
y,Mag_H,3.3200000000000003,12.124936776407298
y,Mag_H,3.324,12.069535142890784
y,Mag_H,3.3280000000000003,12.015900400462275
y,Mag_H,3.332,11.963985812524015
y,Mag_H,3.336,11.913744567221555
y,Mag_H,3.3399999999999994,11.865129777443787
y,Mag_H,3.344,11.81809448082287
y,Mag_H,3.348,11.772591639734276
y,Mag_H,3.352,11.728574141296845
y,Mag_H,3.356,11.685994797372661
y,Mag_H,3.3599999999999994,11.644806344567156
y,Mag_H,3.364,11.604961444229085
y,Mag_H,3.368,11.566412682450485
y,Mag_H,3.372,11.529112570066708
y,Mag_H,3.376,11.493013542656438
y,Mag_H,3.38,11.458067960541676
y,Mag_H,3.384,11.424228108787675
y,Mag_H,3.388,11.391446197203084
y,Mag_H,3.392,11.359674360339817
y,Mag_H,3.3959999999999995,11.32886465749308
y,Mag_H,3.4,11.298969072701452
y,Mag_H,3.404,11.269939514746758
y,Mag_H,3.408,11.2417278171542
y,Mag_H,3.412,11.214285738192231
y,Mag_H,3.4159999999999995,11.187564960872647
y,Mag_H,3.42,11.16151709295054
y,Mag_H,3.424,11.136093666924362
y,Mag_H,3.428,11.1112461400358
y,Mag_H,3.432,11.08692589426992
y,Mag_H,3.436,11.06308423635507
y,Mag_H,3.44,11.039672397762907
y,Mag_H,3.444,11.016641534708398
y,Mag_H,3.448,10.993942728149824
y,Mag_H,3.4519999999999995,10.971526983788808
y,Mag_H,3.456,10.949345232070268
y,Mag_H,3.46,10.927348328182358
y,Mag_H,3.464,10.905487052056687
y,Mag_H,3.468,10.883712108368059
y,Mag_H,3.472,10.861974126534662
y,Mag_H,3.476,10.840223660717925
y,Mag_H,3.48,10.818411189822672
y,Mag_H,3.484,10.796487117496952
y,Mag_H,3.4879999999999995,10.774401772132219
y,Mag_H,3.492,10.752105406863134
y,Mag_H,3.496,10.729548199567791
y,Mag_H,3.5,10.706680252867505
y,Mag_H,3.504,15.211041591963554
y,Mag_H,3.5079999999999996,15.280738771738765
y,Mag_H,3.512,15.349889132439793
y,Mag_H,3.516,15.418430299993215
y,Mag_H,3.52,15.48630119048885
y,Mag_H,3.524,15.553442010179811
y,Mag_H,3.528,15.619794255482416
y,Mag_H,3.532,15.685300712976277
y,Mag_H,3.536,15.749905459404266
y,Mag_H,3.54,15.813553861672432
y,Mag_H,3.5439999999999996,15.876192576850164
y,Mag_H,3.548,15.93776955217008
y,Mag_H,3.552,15.998234025027967
y,Mag_H,3.556,16.057536522983025
y,Mag_H,3.56,16.11562886375755
y,Mag_H,3.5639999999999996,16.172464155237172
y,Mag_H,3.568,16.227996795470826
y,Mag_H,3.572,16.28218247267056
y,Mag_H,3.576,16.334978165211773
y,Mag_H,3.58,16.386342141633094
y,Mag_H,3.584,16.436233960636383
y,Mag_H,3.588,16.484614471086772
y,Mag_H,3.592,16.531445812012713
y,Mag_H,3.596,16.576691412605726
y,Mag_H,3.5999999999999996,16.620315992220842
y,Mag_H,3.604,16.662285560376098
y,Mag_H,3.608,16.702567416752938
y,Mag_H,3.612,16.741130151195975
y,Mag_H,3.616,16.777943643713183
y,Mag_H,3.6199999999999997,16.812979064475595
y,Mag_H,3.624,16.84620887381775
y,Mag_H,3.628,16.877606822237208
y,Mag_H,3.632,16.89952384217428
y,Mag_H,3.6359999999999997,16.885514109867067
y,Mag_H,3.64,16.87217039529871
y,Mag_H,3.644,16.859455642457846
y,Mag_H,3.648,16.847333458621158
y,Mag_H,3.652,16.83576811435366
y,Mag_H,3.6559999999999997,16.82472454350849
y,Mag_H,3.66,16.81416834322703
y,Mag_H,3.664,16.80406577393889
y,Mag_H,3.668,16.794383759361843
y,Mag_H,3.672,16.78508988650181
y,Mag_H,3.676,16.776152405653065
y,Mag_H,3.68,16.767540230397962
y,Mag_H,3.684,16.759222937607042
y,Mag_H,3.688,16.751170767439138
y,Mag_H,3.6919999999999997,16.743354623341233
y,Mag_H,3.696,16.735746072048567
y,Mag_H,3.7,16.728317343584486
y,Mag_H,3.704,16.721041331260643
y,Mag_H,3.708,16.71389159167681
y,Mag_H,3.7119999999999997,16.706842344720947
y,Mag_H,3.716,16.69986847356935
y,Mag_H,3.72,16.692945524686387
y,Mag_H,3.724,16.686049707824655
y,Mag_H,3.728,16.679157896025025
y,Mag_H,3.732,16.67224762561647
y,Mag_H,3.736,16.665297096216243
y,Mag_H,3.74,16.658285170729744
y,Mag_H,3.744,16.651191375350603
y,Mag_H,3.7479999999999998,16.64399589956066
y,Mag_H,3.7520000000000002,16.63667959612994
y,Mag_H,3.7560000000000002,16.629223981116702
y,Mag_H,3.7600000000000002,16.621611233867352
y,Mag_H,3.7640000000000002,16.61382419701653
y,Mag_H,3.768,16.605846376487115
y,Mag_H,3.7720000000000002,16.597661941490077
y,Mag_H,3.7760000000000002,16.589255724524744
y,Mag_H,3.7800000000000002,16.580613221378545
y,Mag_H,3.784,16.571720591127118
y,Mag_H,3.7880000000000003,16.56256465613432
y,Mag_H,3.7920000000000003,16.553132902052194
y,Mag_H,3.7960000000000003,16.543413477820998
y,Mag_H,3.8000000000000003,16.533395195669232
y,Mag_H,3.804,16.523067531113536
y,Mag_H,3.8080000000000003,16.512420622958764
y,Mag_H,3.8120000000000003,16.50144527329801
y,Mag_H,3.8160000000000003,16.490132947512556
y,Mag_H,3.8200000000000003,16.478475774271843
y,Mag_H,3.824,16.46646654553354
y,Mag_H,3.8280000000000003,16.416444603945788
y,Mag_H,3.8320000000000003,16.30217638124574
y,Mag_H,3.8360000000000003,16.188095486357366
y,Mag_H,3.8399999999999994,16.07420268131222
y,Mag_H,3.844,15.960498725625802
y,Mag_H,3.848,15.846984376297714
y,Mag_H,3.852,15.733660387811666
y,Mag_H,3.856,15.62052751213532
y,Mag_H,3.8599999999999994,15.507586498720368
y,Mag_H,3.864,15.3948380945027
y,Mag_H,3.868,15.282283043902092
y,Mag_H,3.872,15.169922088822434
y,Mag_H,3.876,15.057755968651694
y,Mag_H,3.88,14.945785420261787
y,Mag_H,3.884,14.834011178008824
y,Mag_H,3.888,14.72243397373281
y,Mag_H,3.892,14.611054536757893
y,Mag_H,3.8959999999999995,14.499873593892213
y,Mag_H,3.9,14.388891869428045
y,Mag_H,3.904,14.278110085141607
y,Mag_H,3.908,14.16752896029323
y,Mag_H,3.9119999999999995,14.057149211627243
y,Mag_H,3.916,13.946971553372084
y,Mag_H,3.92,13.836996697240176
y,Mag_H,3.9239999999999995,13.727225352428071
y,Mag_H,3.928,13.617658225616216
y,Mag_H,3.9319999999999995,13.508296020969304
y,Mag_H,3.9360000000000004,13.399139440135926
y,Mag_H,3.94,13.290189182248788
y,Mag_H,3.9439999999999995,13.181445943924587
y,Mag_H,3.948,13.072910419264158
y,Mag_H,3.9519999999999995,12.964583299852297
y,Mag_H,3.9560000000000004,12.856465274757872
y,Mag_H,3.96,12.748557030533817
y,Mag_H,3.9639999999999995,12.64085925121714
y,Mag_H,3.968,12.533372618328801
y,Mag_H,3.972,12.426097810873909
y,Mag_H,3.9760000000000004,12.319035505341512
y,Mag_H,3.98,12.212186375704842
y,Mag_H,3.9839999999999995,12.105551093421106
y,Mag_H,3.988,11.999130327431487
y,Mag_H,3.992,11.892924744161313
y,Mag_H,3.9960000000000004,11.78693500751998
y,Mag_H,4.0,11.681161778900831
