"Freq [GHz]","dB(St(Feedline_T1,Feedline_T1)) []"
2,-0.0563452416584711
2.005,-0.0565680276656314
2.01,-0.0567906520635792
2.015,-0.057013125359177
2.02,-0.0572354580641613
2.025,-0.0574576606968684
2.03,-0.0576797437840021
2.035,-0.0579017178624915
2.04,-0.0581235934813808
2.045,-0.0583453812038546
2.05,-0.0585670916092745
2.055,-0.058788735295355
2.06,-0.0590103228803929
2.065,-0.0592318650056091
2.07,-0.0594533723375916
2.075,-0.0596748555708174
2.08,-0.0598963254303273
2.085,-0.0601177926744826
2.09,-0.0603392680978609
2.095,-0.0605607625342867
2.1,-0.0607822868599922
2.105,-0.0610038519969272
2.11,-0.0612254689162367
2.115,-0.061447148641873
2.12,-0.0616689022544199
2.125,-0.061890740895065
2.13,-0.0621126757697897
2.135,-0.0623347181537575
2.14,-0.0625568793959069
2.145,-0.0627791709237981
2.15,-0.06300160424868
2.155,-0.0632241909708253
2.16,-0.0634469427851366
2.165,-0.0636698714870439
2.17,-0.0638929889786901
2.175,-0.0641163072754583
2.18,-0.0643398385128471
2.185,-0.0645635949536787
2.19,-0.0647875889957109
2.195,-0.065011833179663
2.2,-0.0652363401976646
2.205,-0.0654611229021598
2.21,-0.0656861943153076
2.215,-0.0659115676388873
2.22,-0.0661372562647632
2.225,-0.0663632737859314
2.23,-0.0665896340081863
2.235,-0.0668163509624341
2.24,-0.0670434389177264
2.245,-0.0672709123950166
2.25,-0.0674987861817481
2.255,-0.0677270753472356
2.26,-0.0679557952589964
2.265,-0.0681849616000008
2.27,-0.068414590386987
2.275,-0.0686446979898215
2.28,-0.068875301152075
2.285,-0.0691064170127962
2.29,-0.0693380631296495
2.295,-0.0695702575034565
2.3,-0.0698030186042514
2.305,-0.0700363653989982
2.31,-0.070270317380991
2.315,-0.0705048946011702
2.32,-0.070740117701414
2.325,-0.0709760079499654
2.33,-0.0712125872791884
2.335,-0.0714498783257503
2.34,-0.0716879044734974
2.345,-0.0719266898991414
2.35,-0.0721662596210453
2.355,-0.0724066395512881
2.36,-0.0726478565512926
2.365,-0.0728899384912685
2.37,-0.0731329143138012
2.375,-0.0733768141018836
2.38,-0.0736216691517794
2.385,-0.0738675120510508
2.39,-0.0741143767622538
2.395,-0.0743622987126901
2.4,-0.0746113148907661
2.405,-0.0748614639495015
2.41,-0.0751127863177823
2.415,-0.0753653243200394
2.42,-0.0756191223050892
2.425,-0.0758742267849005
2.43,-0.0761306865842106
2.435,-0.0763885530019565
2.44,-0.0766478799855468
2.445,-0.0769087243192104
2.45,-0.0771711458276856
2.455,-0.0774352075967093
2.46,-0.07770097621187
2.465,-0.0779685220176265
2.47,-0.0782379193984086
2.475,-0.0785092470840069
2.48,-0.078782588481612
2.485,-0.079058032037276
2.49,-0.079335671629684
2.495,-0.0796156069996565
2.5,-0.0798979442190978
2.505,-0.0801827962035464
2.51,-0.0804702832730237
2.515,-0.0807605337664426
2.52,-0.0810536847154808
2.525,-0.0813498825845445
2.53,-0.0816492840843725
2.535,-0.0819520570676516
2.54,-0.082258381516334
2.545,-0.0825684506313957
2.55,-0.0828824720374337
2.555,-0.0832006691160305
2.56,-0.0835232824838977
2.565,-0.0838505716339512
2.57,-0.0841828167601626
2.575,-0.0845203207900183
2.58,-0.0848634116520067
2.585,-0.0852124448095991
2.59,-0.085567806098146
2.595,-0.0859299149066178
2.6,-0.0862992277529564
2.605,-0.0866762423095296
2.61,-0.0870615019445546
2.615,-0.0874556008563505
2.62,-0.0878591898904092
2.625,-0.0882729831449226
2.63,-0.0886977654891118
2.635,-0.089134401141218
2.64,-0.0895838434801179
2.645,-0.0900471462972214
2.65,-0.0905254767352086
2.655,-0.0910201302084354
2.66,-0.0915325476592085
2.665,-0.0920643355768546
2.67,-0.0926172892962063
2.675,-0.0931934202034053
2.68,-0.093794987615205
2.685,-0.0944245362712252
2.69,-0.0950849405961503
2.695,-0.0957794571640897
2.7,-0.0965117871469974
2.705,-0.097286150976361
2.71,-0.098107378022577
2.715,-0.0989810148416853
2.72,-0.0999134565105424
2.725,-0.100912106847457
2.73,-0.101985575003862
2.735,-0.10314391816522
2.74,-0.104398943130619
2.745,-0.105764583656007
2.75,-0.107257376088772
2.755,-0.108897063636958
2.76,-0.110707370561564
2.765,-0.11271700308888
2.77,-0.114960956092597
2.775,-0.117482236959947
2.78,-0.120334165818757
2.785,-0.123583482908774
2.79,-0.127314603085624
2.795,-0.131635527118609
2.8,-0.136686188480887
2.805,-0.142650450540484
2.81,-0.149773693912825
2.815,-0.158389171445552
2.82,-0.168958486733281
2.825,-0.182135518508854
2.83,-0.198870616975563
2.835,-0.220586724348063
2.84,-0.249489862261309
2.845,-0.289144165255244
2.85,-0.345601038205389
2.855,-0.429778225482966
2.86,-0.5629234296023
2.865,-0.790581769457788
2.87,-1.2234869299463
2.875,-2.17993561371954
2.88,-4.81045278459972
2.885,-16.0746540886909
2.89,-8.55324541354296
2.895,-3.27677434475234
2.9,-1.66502507768149
2.905,-1.00889465594257
2.91,-0.688068480001739
2.915,-0.509902974884092
2.92,-0.401509100571692
2.925,-0.330945264331404
2.93,-0.282566020686242
2.935,-0.248018152399307
2.94,-0.222526616191582
2.945,-0.203206759198299
2.95,-0.188234774185025
2.955,-0.17641277921142
2.96,-0.166928140132778
2.965,-0.159214043890844
2.97,-0.152865491423329
2.975,-0.147586928509492
2.98,-0.143158611985661
2.985,-0.139414433334253
2.99,-0.136226951159583
2.995,-0.133497075930171
3,-0.131146826112096
3.005,-0.1291141540056
3.01,-0.127349192431652
3.015,-0.125811493465095
3.02,-0.124467970611585
3.025,-0.123291346910904
3.03,-0.122258971694163
3.035,-0.12135190923019
3.04,-0.120554230150682
3.045,-0.119852455690743
3.05,-0.119235118212565
3.055,-0.118692411017439
3.06,-0.118215907300739
3.065,-0.117798333076772
3.07,-0.117433382545437
3.075,-0.117115567070592
3.08,-0.116840090954085
3.085,-0.116602748705847
3.09,-0.116399839661152
3.095,-0.116228096675693
3.1,-0.11608462630642
3.105,-0.115966858410931
3.11,-0.1158725035075
3.115,-0.115799516559278
3.12,-0.115746066099473
3.125,-0.115710507815747
3.13,-0.115691361872474
3.135,-0.11568729337822
3.14,-0.115697095509408
3.145,-0.115719674885255
3.15,-0.115754038856945
3.155,-0.11579928443002
3.16,-0.115854588584342
3.165,-0.115919199793699
3.17,-0.115992430578043
3.175,-0.116073650947109
3.18,-0.116162282615549
3.185,-0.116257793887501
3.19,-0.116359695123541
3.195,-0.116467534715421
3.2,-0.116580895504677
3.205,-0.116699391589996
3.21,-0.11682266547593
3.215,-0.116950385521814
3.22,-0.117082243655446
3.225,-0.117217953320455
3.23,-0.117357247630658
3.235,-0.117499877707746
3.24,-0.117645611181922
3.245,-0.117794230837474
3.25,-0.117945533387557
3.255,-0.118099328364203
3.26,-0.11825543711157
3.265,-0.118413691871409
3.27,-0.118573934951423
3.275,-0.118736017967975
3.28,-0.118899801155678
3.285,-0.11906515273733
3.29,-0.119231948348114
3.295,-0.119400070508934
3.3,-0.119569408144168
3.305,-0.119739856139527
3.31,-0.119911314936498
3.315,-0.120083690159703
3.32,-0.120256892274412
3.325,-0.120430836271394
3.33,-0.120605441376605
3.335,-0.120780630783642
3.34,-0.120956331406893
3.345,-0.121132473653584
3.35,-0.121308991213199
3.355,-0.121485820862678
3.36,-0.121662902286213
3.365,-0.12184017790825
3.37,-0.122017592738848
3.375,-0.122195094230169
3.38,-0.122372632143314
3.385,-0.122550158424697
3.39,-0.12272762709117
3.395,-0.12290499412316
3.4,-0.123082217365335
3.405,-0.123259256434082
3.41,-0.123436072631361
3.415,-0.12361262886444
3.42,-0.123788889571034
3.425,-0.123964820649506
3.43,-0.124140389393709
3.435,-0.124315564432145
3.44,-0.124490315671142
3.445,-0.124664614241769
3.45,-0.124838432450174
3.455,-0.125011743731126
3.46,-0.12518452260459
3.465,-0.12535674463502
3.47,-0.125528386393309
3.475,-0.125699425421026
3.48,-0.125869840197046
3.485,-0.126039610106169
3.49,-0.126208715409677
3.495,-0.126377137217772
3.5,-0.126544857463672
3.505,-0.126711858879286
3.51,-0.126878124972378
3.515,-0.127043640005107
3.52,-0.127208388973853
3.525,-0.127372357590246
3.53,-0.127535532263326
3.535,-0.127697900082747
3.54,-0.127859448802996
3.545,-0.128020166828445
3.55,-0.128180043199393
3.555,-0.128339067578814
3.56,-0.128497230239857
3.565,-0.128654522054138
3.57,-0.128810934480588
3.575,-0.128966459554971
3.58,-0.129121089879993
3.585,-0.129274818615889
3.59,-0.12942763947156
3.595,-0.129579546696186
3.6,-0.129730535071239
3.605,-0.129880599902944
3.61,-0.130029737015125
3.615,-0.130177942742348
3.62,-0.130325213923491
3.625,-0.130471547895559
3.63,-0.130616942487809
3.635,-0.130761396016157
3.64,-0.130904907277817
3.645,-0.131047475546194
3.65,-0.131189100565942
3.655,-0.131329782548347
3.66,-0.131469522166764
3.665,-0.13160832055225
3.67,-0.131746179289472
3.675,-0.131883100412605
3.68,-0.132019086401483
3.685,-0.132154140177811
3.69,-0.132288265101526
3.695,-0.132421464967251
3.7,-0.132553744000856
3.705,-0.132685106856068
3.71,-0.132815558611231
3.715,-0.13294510476607
3.72,-0.133073751238559
3.725,-0.133201504361856
3.73,-0.133328370881241
3.735,-0.133454357951147
3.74,-0.133579473132197
3.745,-0.13370372438835
3.75,-0.133827120083952
3.755,-0.133949668980938
3.76,-0.13407138023595
3.765,-0.134192263397572
3.77,-0.134312328403509
3.775,-0.134431585577808
3.78,-0.134550045628021
3.785,-0.134667719642513
3.79,-0.134784619087618
3.795,-0.134900755804861
3.8,-0.135016142008211
3.805,-0.13513079028125
3.81,-0.135244713574385
3.815,-0.135357925202053
3.82,-0.135470438839848
3.825,-0.135582268521725
3.83,-0.135693428637116
3.835,-0.135803933928099
3.84,-0.135913799486451
3.845,-0.136023040750764
3.85,-0.136131673503519
3.855,-0.136239713868101
3.86,-0.136347178305877
3.865,-0.136454083613128
3.87,-0.136560446918088
3.875,-0.136666285677874
3.88,-0.136771617675374
3.885,-0.136876461016215
3.89,-0.1369808341256
3.895,-0.137084755745164
3.9,-0.137188244929828
3.905,-0.137291321044559
3.91,-0.137394003761181
3.915,-0.137496313055114
3.92,-0.137598269202089
3.925,-0.13769989277486
3.93,-0.137801204639872
3.935,-0.137902225953949
3.94,-0.138002978160849
3.945,-0.138103482987937
3.95,-0.13820376244275
3.955,-0.138303838809515
3.96,-0.138403734645727
3.965,-0.138503472778675
3.97,-0.138603076301895
3.975,-0.138702568571678
3.98,-0.138801973203498
3.985,-0.138901314068462
3.99,-0.139000615289742
3.995,-0.139099901238938
4,-0.139199196532511
